,Student,Group,user-requirement-phase5,infovis-phase5,novelty-phase5,total-phase5,tech-phase5,tech-phase4,user-requirement-phase4,infovis-phase4,novelty-phase4,total-phase4,tech-phase3,user-requirement-phase3,infovis-phase3,novelty-phase3,total-phase3,tech-phase2,user-requirement-phase2,infovis-phase2,novelty-phase2,total-phase2,tech-phase1,user-requirement-phase1,infovis-phase1,novelty-phase1,total-phase1,improve-ur-12,improve-ur-23,improve-ur-34,improve-ur-45,improve-ur-15,improve-ur-25,improve-vis-12,improve-vis-23,improve-vis-34,improve-vis-45,improve-vis-15,improve-vis-25,improve-novel-12,improve-novel-23,improve-novel-34,improve-novel-45,improve-novel-15,improve-novel-25,improve-tech-12,improve-tech-23,improve-tech-34,improve-tech-45,improve-tech-25,improve-tech-15,improve-total-12,improve-total-23,improve-total-34,improve-total-45,improve-total-15,improve-total-25,improve-sum-ur,improve-sum-vis,improve-sum-novel,improve-sum-tech,add-loc-12,delete-loc-12,change-files-12,add-loc-15,delete-loc-15,change-files-15,add-loc-23,delete-loc-23,change-files-23,add-loc-34,delete-loc-34,change-files-34,add-loc-45,delete-loc-45,change-files-45,add-loc-25,delete-loc-25,change-files-25,add-loc-sum,phase1-clicks-count,phase2-clicks-count,phase3-clicks-count,phase4-clicks-count,sum-clicks-count,project-clicks-count,score-clicks-count,sum-add-loc,project-clicks-hacker,unique_apps
0,fffeelipe,0,20,29.17,50,199.17,100,100,20,29.17,43.75,192.92,75,60,37.5,0,172.5,75,60,37.5,0,172.5,50,20,29.17,0,99.17,40,0,-40,0,0,-40,8.33,0,-8.33,0,0,-8.33,0,0,43.75,6.25,50,50,25,0,25,0,25,50,73.33,0,20.42,6.25,100,26.67,0,0,50,50,0,0,0,92,249,18,0,0,0,87,202,17,78,168,6,0,0,0,165,0,0,0,5,5,5,,165,9,5
1,mnguzmanc,0,60,75,67.5,290,87.5,87.5,20,37.5,100,245,100,20,41.67,75,236.67,87.5,20,37.5,75,220,87.5,0,0,0,87.5,20,0,0,40,60,40,37.5,4.17,-4.17,37.5,75,37.5,75,0,25,-32.5,67.5,-7.5,0,12.5,-12.5,0,0,0,132.5,16.67,8.33,45,202.5,70,60,75,67.5,0,6,14,2,43,144,3,31,95,1,65,39,2,81,136,2,51,144,2,183,4,0,0,22,26,23,,183,11,15
2,jmcuestasb,0,100,54.17,25,254.17,75,62.5,100,58.33,0,220.83,62.5,20,50,0,132.5,62.5,20,33.33,25,140.83,50,0,0,0,50,20,0,80,0,100,80,33.33,16.67,8.33,-4.16,54.17,20.84,25,-25,0,25,25,0,12.5,0,0,12.5,12.5,25,90.83,-8.33,88.33,33.34,204.17,113.34,100,54.17,25,25,7,0,7,7,0,7,6,9,1,9,0,1,9,26,1,5,34,1,31,4,0,0,0,4,2,,31,7,1
3,katherinsb,0,20,37.5,16.67,136.67,62.5,37.5,20,45.83,25,128.33,0,0,0,0,0,12.5,0,0,0,12.5,0,0,0,0,0,0,0,20,0,20,20,0,0,45.83,-8.33,37.5,37.5,0,0,25,-8.33,16.67,16.67,12.5,-12.5,37.5,25,50,62.5,12.5,-12.5,128.33,8.34,136.67,124.17,20,37.5,16.67,62.5,0,0,0,0,0,6,0,0,0,0,0,4,259,371,3,0,0,6,259,0,0,0,0,0,,,259,10,
4,jjrodriguezn,0,60,58.33,87.5,255.83,50,37.5,40,54.17,0,131.67,37.5,20,45.83,0,103.33,62.5,20,29.17,0,111.67,0,0,0,0,0,20,0,20,20,60,40,29.17,16.66,8.34,4.16,58.33,29.16,0,0,0,87.5,87.5,87.5,62.5,-25,0,12.5,-12.5,50,111.67,-8.34,28.34,124.16,255.83,144.16,60,58.33,87.5,50,104,0,1,0,0,9,57,98,1,67,13,2,4,7,4,59,49,5,232,1,0,0,0,1,1,,232,8,1
5,DglyP,0,20,25,50,195,100,87.5,0,25,50,162.5,50,40,50,0,140,37.5,40,45.83,0,123.33,0,0,0,0,0,40,0,-40,20,20,-20,45.83,4.17,-25,0,25,-20.83,0,0,50,0,50,50,37.5,12.5,37.5,12.5,62.5,100,123.33,16.67,22.5,32.5,195,71.67,20,25,50,100,54,65,1,47,156,8,0,0,0,15,52,10,31,56,2,0,0,0,100,0,30,0,9,39,34,,100,9,28
6,cap182,0,20,29.17,0,49.17,0,0,20,29.17,0,49.17,0,20,29.17,0,49.17,12.5,0,20.83,0,33.33,0,40,33.33,75,148.33,-40,20,0,0,-20,20,-12.5,8.34,0,0,-4.16,8.34,-75,0,0,0,-75,0,12.5,-12.5,0,0,-12.5,0,-115,15.84,0,0,-99.16,15.84,-20,-4.16,-75,0,9,97,5,0,0,0,0,0,0,0,0,0,0,0,0,82,167,4,9,0,0,0,0,0,,,9,9,
7,annumumozme,0,40,37.5,60,237.5,100,75,0,0,0,0,62.5,0,0,0,0,37.5,20,45.83,0,103.33,37.5,0,0,0,37.5,20,-20,0,40,40,20,45.83,-45.83,0,37.5,37.5,-8.33,0,0,0,60,60,60,0,25,12.5,25,62.5,62.5,65.83,-103.33,0,237.5,200,134.17,40,37.5,60,62.5,0,0,0,0,0,0,0,0,0,0,0,0,0,0,0,0,0,0,0,0,0,0,0,0,,,0,,
8,Judgarciani,0,100,58.33,66.67,325,100,75,80,87.5,0,242.5,62.5,80,79.17,0,221.67,37.5,20,29.17,0,86.67,0,0,0,0,0,20,60,0,20,100,80,29.17,50,8.33,-29.17,58.33,29.16,0,0,0,66.67,66.67,66.67,37.5,25,12.5,25,62.5,100,86.67,135,20.83,82.5,325,238.33,100,58.33,66.67,100,23,85,2,13,24,4,4,0,3,130,172,2,31,45,2,13,24,3,188,7,10,0,2,19,16,,188,11,12
9,sacastroc,0,20,50,68.75,226.25,87.5,87.5,20,50,62.5,220,100,20,33.33,62.5,215.83,87.5,20,33.33,62.5,203.33,50,0,25,0,75,20,0,0,0,20,0,8.33,0,16.67,0,25,16.67,62.5,0,0,6.25,68.75,6.25,37.5,12.5,-12.5,0,0,37.5,128.33,12.5,4.17,6.25,151.25,22.92,20,25,68.75,37.5,5,10,1,8,15,7,1,0,7,39,52,2,6,11,1,3,5,7,51,3,0,0,49,52,47,,51,7,39
10,pcberriop,0,20,37.5,62.5,195,75,50,20,33.33,62.5,165.83,50,20,33.33,62.5,165.83,50,20,33.33,62.5,165.83,12.5,40,25,0,77.5,-20,0,0,0,-20,0,8.33,0,0,4.17,12.5,4.17,62.5,0,0,0,62.5,0,37.5,0,0,25,25,62.5,88.33,0,0,29.17,117.5,29.17,-20,12.5,62.5,62.5,3,1,1,4,2,2,2,0,2,0,0,0,2,0,1,1,1,2,7,0,0,0,17,17,15,,7,9,14
11,hsmartineza,0,20,33.33,52.5,180.83,75,62.5,20,37.5,56.25,176.25,50,60,45.83,75,230.83,37.5,20,29.17,0,86.67,0,0,0,0,0,20,40,-40,0,20,0,29.17,16.66,-8.33,-4.17,33.33,4.16,0,75,-18.75,-3.75,52.5,52.5,37.5,12.5,12.5,12.5,37.5,75,86.67,144.16,-54.58,4.58,180.83,94.16,20,33.33,52.5,75,2,7,2,36,158,7,30,63,1,29,66,6,10,13,2,11,9,1,71,4,0,0,0,4,2,,71,9,1
12,Moimolcp,0,100,62.5,66.67,304.17,75,62.5,0,33.33,25,120.83,62.5,20,62.5,25,170,62.5,0,33.33,25,120.83,25,0,0,0,25,0,20,-20,100,100,100,33.33,29.17,-29.17,29.17,62.5,29.17,25,0,0,41.67,66.67,41.67,37.5,0,0,12.5,12.5,50,95.83,49.17,-49.17,183.34,279.17,183.34,100,62.5,66.67,50,0,0,0,41,105,2,15,42,2,20,31,1,36,62,2,41,105,2,71,0,53,0,1,54,51,,71,11,39
13,CamiloRueda,0,0,29.17,0,54.17,25,25,20,25,0,70,25,0,25,0,50,37.5,0,25,0,62.5,0,0,0,0,0,0,0,20,-20,0,0,25,0,0,4.17,29.17,4.17,0,0,0,0,0,0,37.5,-12.5,0,0,-12.5,25,62.5,-12.5,20,-15.83,54.17,-8.33,0,29.17,0,25,0,0,0,0,0,7,0,0,0,0,0,0,0,0,0,0,0,0,0,0,0,0,0,0,,,0,10,
14,juanescai,0,0,25,25,50,0,0,0,25,25,50,0,20,41.67,0,61.67,12.5,0,25,25,62.5,25,0,25,62.5,112.5,0,20,-20,0,0,0,0,16.67,-16.67,0,0,0,-37.5,-25,25,0,-37.5,0,-12.5,-12.5,0,0,-12.5,-25,-50,-0.83,-11.67,0,-62.5,-12.5,0,0,-37.5,-25,0,0,1,0,0,4,0,0,1,0,0,1,0,0,1,0,0,3,0,7,0,0,16,23,18,,0,11,11
15,JoseMolano,0,60,66.67,75,276.67,75,87.5,0,58.33,70.83,216.67,87.5,60,41.67,100,289.17,87.5,0,33.33,25,145.83,87.5,20,50,37.5,195,-20,60,-60,60,40,60,-16.67,8.34,16.66,8.34,16.67,33.34,-12.5,75,-29.17,4.17,37.5,50,0,0,0,-12.5,-12.5,-12.5,-49.17,143.34,-72.5,60,81.67,130.84,40,16.67,37.5,-12.5,19,79,4,19,56,7,3,2,5,1,2,1,26,3,1,27,4,5,49,2,0,0,8,10,9,,49,7,9
16,maikellPardoA,0,0,37.5,25,87.5,25,25,0,0,0,25,25,0,33.33,25,83.33,37.5,0,25,25,87.5,37.5,0,25,25,87.5,0,0,0,0,0,0,0,8.33,-33.33,37.5,12.5,12.5,0,0,-25,25,0,0,0,-12.5,0,0,-12.5,-12.5,0,-4.17,-58.33,62.5,0,0,0,12.5,0,-12.5,0,0,1,0,0,1,0,0,0,0,0,1,0,0,0,0,0,1,0,0,0,0,0,0,,,0,7,
17,NicolasZon,0,0,25,25,87.5,37.5,37.5,0,25,25,87.5,37.5,0,25,25,87.5,50,0,25,25,100,12.5,0,0,0,12.5,0,0,0,0,0,0,25,0,0,0,25,0,25,0,0,0,25,0,37.5,-12.5,0,0,-12.5,25,87.5,-12.5,0,0,75,-12.5,0,25,25,25,3,7,2,3,7,2,0,0,0,0,0,0,0,0,0,0,0,0,3,3,0,0,0,3,1,,3,5,1
18,camilo654,0,20,29.17,75,199.17,75,75,60,33.33,75,243.33,50,20,29.17,62.5,161.67,62.5,20,25,87.5,195,25,20,29.17,0,74.17,0,0,40,-40,0,0,-4.17,4.17,4.16,-4.16,0,4.17,87.5,-25,12.5,0,75,-12.5,37.5,-12.5,25,0,12.5,50,120.83,-33.33,81.66,-44.16,125,4.17,0,0,75,50,0,0,20,55,77,5,0,0,0,60,115,6,2,2,2,28,50,3,62,0,0,0,0,0,,,62,11,
19,CristianLozano,0,20,33.33,0,90.83,37.5,37.5,60,50,0,147.5,37.5,20,29.17,0,86.67,50,20,33.33,0,103.33,50,20,29.17,0,99.17,0,0,40,-40,0,0,4.16,-4.16,20.83,-16.67,4.16,0,0,0,0,0,0,0,0,-12.5,0,0,-12.5,-12.5,4.16,-16.66,60.83,-56.67,-8.34,-12.5,0,4.16,0,-12.5,0,0,0,0,0,1,0,0,0,0,0,0,0,0,0,0,0,0,0,0,0,0,1,1,1,,0,7,1
20,jdsuarezj,0,60,50,87.5,272.5,75,75,60,66.67,75,276.67,75,60,58.33,100,293.33,75,0,25,25,125,62.5,0,25,75,162.5,0,60,0,0,60,60,0,33.33,8.34,-16.67,25,25,-50,75,-25,12.5,12.5,62.5,12.5,0,0,0,0,12.5,-37.5,168.33,-16.66,-4.17,110,147.5,60,25,12.5,12.5,173,442,3,36,85,11,74,116,10,0,0,0,0,0,0,328,253,4,247,7,36,0,6,49,43,,247,12,27
21,pipemax85,0,20,33.33,0,115.83,62.5,50,20,33.33,0,103.33,50,20,33.33,0,103.33,50,20,33.33,0,103.33,50,20,25,0,95,0,0,0,0,0,0,8.33,0,0,0,8.33,0,0,0,0,0,0,0,0,0,0,12.5,12.5,12.5,8.33,0,0,12.5,20.83,12.5,0,8.33,0,12.5,31,58,2,31,58,2,0,0,0,0,0,0,0,0,0,0,0,0,31,8,0,0,0,8,4,,31,10,1
22,juandavidro,0,20,58.33,25,153.33,50,37.5,20,54.17,0,111.67,37.5,80,58.33,0,175.83,50,20,33.33,25,128.33,87.5,80,58.33,75,300.83,-60,60,-60,0,-60,0,-25,25,-4.16,4.16,0,25,-50,-25,0,25,-50,0,-37.5,-12.5,0,12.5,0,-37.5,-172.5,47.5,-64.16,41.66,-147.5,25,-60,0,-50,-37.5,127,122,1,292,35,2,318,65,2,32,33,1,0,0,0,314,62,2,477,0,0,0,0,0,,,477,7,
23,UNhcrodriguezl,0,80,33.33,75,263.33,75,75,20,41.67,79.17,215.83,75,20,33.33,62.5,190.83,75,20,33.33,62.5,190.83,37.5,20,33.33,0,90.83,0,0,0,60,60,60,0,0,8.34,-8.34,0,0,62.5,0,16.67,-4.17,75,12.5,37.5,0,0,0,0,37.5,100,0,25,47.5,172.5,72.5,60,0,75,37.5,0,0,0,0,0,2,0,0,2,0,0,0,0,0,0,0,0,2,0,4,11,0,0,15,14,,0,11,11
24,camilo13152,0,60,50,37.5,222.5,75,62.5,60,45.83,75,243.33,50,60,33.33,75,218.33,50,20,33.33,0,103.33,0,0,29.17,0,29.17,20,40,0,0,60,40,4.16,0,12.5,4.17,20.83,16.67,0,75,0,-37.5,37.5,37.5,50,0,12.5,12.5,25,75,74.16,115,25,-20.83,193.33,119.17,60,20.83,37.5,75,0,0,7,0,0,21,21,38,2,12,21,3,5,1,1,0,0,0,38,0,0,0,11,11,9,,38,8,9
25,leavendanoro,0,40,66.67,25,206.67,75,75,0,25,25,125,62.5,0,25,25,112.5,62.5,0,25,25,112.5,37.5,0,0,0,37.5,0,0,0,40,40,40,25,0,0,41.67,66.67,41.67,25,0,0,0,25,0,25,0,12.5,0,12.5,37.5,75,0,12.5,81.67,169.17,94.17,40,66.67,25,37.5,8,54,2,17,38,4,52,21,3,3,0,1,1,4,1,52,27,3,64,1,0,0,2,3,3,,64,8,3
26,cdcordobaa,0,20,33.33,62.5,190.83,75,75,20,33.33,62.5,190.83,75,20,33.33,62.5,190.83,75,20,33.33,62.5,190.83,37.5,20,33.33,0,90.83,0,0,0,0,0,0,0,0,0,0,0,0,62.5,0,0,0,62.5,0,37.5,0,0,0,0,37.5,100,0,0,0,100,0,0,0,62.5,37.5,0,0,0,3,41,1,0,0,0,1,1,1,0,0,0,19,54,2,1,0,0,0,0,0,,,1,6,
27,capinillab,0,60,54.17,75,264.17,75,62.5,60,54.17,75,251.67,62.5,60,41.67,62.5,226.67,62.5,60,37.5,87.5,247.5,62.5,20,33.33,0,115.83,40,0,0,0,40,0,4.17,4.17,12.5,0,20.84,16.67,87.5,-25,12.5,0,75,-12.5,0,0,0,12.5,12.5,12.5,131.67,-20.83,25,12.5,148.34,16.67,40,20.84,75,12.5,0,0,0,23,196,5,0,0,0,53,109,4,102,131,3,7,59,4,155,0,0,0,0,0,,,155,9,
28,Januguerab,0,20,29.17,0,111.67,62.5,50,20,29.17,0,99.17,50,20,29.17,0,99.17,37.5,20,29.17,0,86.67,0,0,0,0,0,20,0,0,0,20,0,29.17,0,0,0,29.17,0,0,0,0,0,0,0,37.5,12.5,0,12.5,25,62.5,86.67,12.5,0,12.5,111.67,25,20,29.17,0,62.5,0,0,0,0,0,1,0,0,0,0,0,0,0,0,0,0,0,0,0,0,0,0,0,0,,,0,,
29,lfvalderrama,0,80,66.67,106.25,352.92,100,87.5,20,50,50,207.5,87.5,40,54.17,68.75,250.42,75,0,41.67,25,141.67,75,0,0,0,75,0,40,-20,60,80,80,41.67,12.5,-4.17,16.67,66.67,25,25,43.75,-18.75,56.25,106.25,81.25,0,12.5,0,12.5,25,25,66.67,108.75,-42.92,145.42,277.92,211.25,80,66.67,106.25,25,5,14,2,8,11,6,131,20,2,1,1,6,2,5,2,5,7,6,139,3,2,0,3,8,7,,139,8,5
30,bsgarciac,0,100,70.83,75,320.83,100,75,80,70.83,87.5,313.33,75,60,50,87.5,272.5,62.5,40,41.67,87.5,231.67,50,20,37.5,0,107.5,20,20,20,20,80,60,4.17,8.33,20.83,0,33.33,29.16,87.5,0,0,-12.5,75,-12.5,12.5,12.5,0,25,37.5,50,124.17,40.83,40.83,7.5,213.33,89.16,80,33.33,75,50,14,9,2,0,0,8,0,0,7,121,1279,5,69,105,6,47,74,6,204,1,0,0,8,9,8,,204,10,8
31,gabi04,0,20,29.17,58.33,157.5,50,25,20,29.17,0,74.17,25,20,29.17,0,74.17,37.5,0,25,0,62.5,0,0,0,0,0,0,20,0,0,20,20,25,4.17,0,0,29.17,4.17,0,0,0,58.33,58.33,58.33,37.5,-12.5,0,25,12.5,50,62.5,11.67,0,83.33,157.5,95,20,29.17,58.33,50,5,16,2,0,0,8,0,0,1,0,0,0,0,0,1,25,97,2,5,0,0,0,3,3,3,,5,7,3
32,annipi,0,0,0,0,0,0,0,0,0,0,0,0,0,0,0,0,12.5,0,0,0,12.5,0,0,0,0,0,0,0,0,0,0,0,0,0,0,0,0,0,0,0,0,0,0,0,12.5,-12.5,0,0,-12.5,0,12.5,-12.5,0,0,0,-12.5,0,0,0,0,0,0,0,0,0,0,0,0,0,0,0,0,0,0,0,39,26,4,0,0,0,0,3,3,3,,0,6,3
33,jdsolanos,0,0,0,0,0,0,0,0,0,0,0,0,0,0,0,0,12.5,0,0,0,12.5,62.5,0,0,0,62.5,0,0,0,0,0,0,0,0,0,0,0,0,0,0,0,0,0,0,-50,-12.5,0,0,-12.5,-62.5,-50,-12.5,0,0,-62.5,-12.5,0,0,0,-62.5,2,19,5,0,0,0,0,0,0,0,0,0,0,0,0,74,116,10,2,0,0,0,0,0,,,2,13,
34,jcneivaa,0,0,0,0,0,0,0,0,0,0,0,0,0,0,0,0,12.5,0,0,0,12.5,0,0,0,0,0,0,0,0,0,0,0,0,0,0,0,0,0,0,0,0,0,0,0,12.5,-12.5,0,0,-12.5,0,12.5,-12.5,0,0,0,-12.5,0,0,0,0,1,4,1,0,0,0,0,0,0,0,0,0,0,0,0,0,0,0,1,0,0,0,0,0,,,1,8,
35,fmbernalb,0,0,0,0,0,0,0,0,0,0,0,0,0,0,0,0,12.5,0,0,0,12.5,0,0,0,0,0,0,0,0,0,0,0,0,0,0,0,0,0,0,0,0,0,0,0,12.5,-12.5,0,0,-12.5,0,12.5,-12.5,0,0,0,-12.5,0,0,0,0,0,0,6,0,0,0,0,0,0,0,0,0,0,0,0,0,0,2,0,0,0,0,0,0,,,0,9,
36,MogGy94,0,0,0,0,0,0,0,0,0,0,0,0,0,0,0,0,12.5,0,0,0,12.5,12.5,0,0,0,12.5,0,0,0,0,0,0,0,0,0,0,0,0,0,0,0,0,0,0,0,-12.5,0,0,-12.5,-12.5,0,-12.5,0,0,-12.5,-12.5,0,0,0,-12.5,0,0,0,0,0,0,0,0,0,0,0,0,0,0,0,0,0,0,0,0,0,0,0,0,,,0,7,
37,yocuervoc,0,0,0,0,0,0,0,0,0,0,0,0,0,0,0,0,12.5,0,0,0,12.5,0,0,0,0,0,0,0,0,0,0,0,0,0,0,0,0,0,0,0,0,0,0,0,12.5,-12.5,0,0,-12.5,0,12.5,-12.5,0,0,0,-12.5,0,0,0,0,0,0,0,0,0,0,0,0,0,0,0,0,0,0,0,0,0,0,0,0,0,0,0,0,,,0,10,
38,odprietoh,0,0,0,0,0,0,0,0,0,0,0,0,0,0,0,0,12.5,0,25,25,62.5,0,0,25,0,25,0,0,0,0,0,0,0,-25,0,0,-25,-25,25,-25,0,0,0,-25,12.5,-12.5,0,0,-12.5,0,37.5,-62.5,0,0,-25,-62.5,0,-25,0,0,0,0,0,0,0,0,0,0,0,0,0,0,0,0,0,0,0,0,0,0,0,0,0,0,,,0,9,
39,gasierram,1,40,62.5,25,190,62.5,62.5,40,58.33,0,160.83,62.5,20,50,0,132.5,62.5,20,33.33,25,140.83,62.5,20,50,62.5,195,0,0,20,0,20,20,-16.67,16.67,8.33,4.17,12.5,29.17,-37.5,-25,0,25,-37.5,0,0,0,0,0,0,0,-54.17,-8.33,28.33,29.17,-5,49.17,20,12.5,-37.5,0,3,3,1,8,62,2,2,53,1,3,4,1,3,3,1,6,23,5,11,101,18,0,0,119,15,104,11,13,4
41,bdcajicam,1,40,29.17,62.5,206.67,75,62.5,20,29.17,62.5,174.17,50,20,25,62.5,157.5,50,20,25,0,95,25,0,0,0,25,20,0,0,20,40,20,25,0,4.17,0,29.17,4.17,0,62.5,0,0,62.5,62.5,25,0,12.5,12.5,25,50,70,62.5,16.67,32.5,181.67,111.67,40,29.17,62.5,50,0,0,0,39,26,4,39,26,4,0,0,0,0,0,0,25,50,3,39,22,0,0,0,22,1,21,39,12,1
42,andfsanchezlem,1,20,25,0,45,0,0,20,25,0,45,0,20,25,0,45,12.5,20,25,0,57.5,25,20,25,0,70,0,0,0,0,0,0,0,0,0,0,0,0,0,0,0,0,0,0,-12.5,-12.5,0,0,-12.5,-25,-12.5,-12.5,0,0,-25,-12.5,0,0,0,-25,0,0,0,4,50,1,0,0,0,4,49,2,0,0,0,40,47,3,4,0,17,0,47,64,4,60,4,129,4
43,dfhincapiem,1,20,25,25,107.5,37.5,37.5,20,50,0,107.5,37.5,20,50,0,107.5,50,20,58.33,0,128.33,0,0,0,0,0,20,0,0,0,20,0,58.33,-8.33,0,-25,25,-33.33,0,0,0,25,25,25,50,-12.5,0,0,-12.5,37.5,128.33,-20.83,0,0,107.5,-20.83,20,25,25,37.5,0,0,0,0,0,2,0,0,0,0,0,0,0,0,0,25,87,10,0,34,0,1,0,35,5,30,0,8,3
44,helmeraac,1,0,25,0,87.5,62.5,37.5,20,29.17,0,86.67,25,0,29.17,0,54.17,37.5,0,25,87.5,150,25,20,25,0,70,-20,0,20,-20,-20,0,0,4.17,0,-4.17,0,0,87.5,-87.5,0,0,0,-87.5,12.5,-12.5,12.5,25,25,37.5,80,-95.83,32.5,0.83,17.5,-62.5,-20,0,0,37.5,3,5,1,7,12,2,0,0,0,5,6,2,3,5,1,54,127,6,11,2,0,1,0,3,1,2,11,15,1
45,dasalgadob,1,0,25,25,100,50,50,100,75,0,225,50,0,0,0,50,50,0,25,0,75,50,0,25,25,100,0,0,100,-100,0,0,0,-25,75,-50,0,0,-25,0,0,25,0,25,0,0,0,0,0,0,-25,-25,175,-125,0,25,0,0,0,0,0,0,0,0,0,0,0,0,0,0,0,0,0,0,0,393,700,5,0,9,0,19,0,28,5,23,0,17,4
46,falperezgo,1,20,45.83,62.5,228.33,100,100,40,62.5,75,277.5,100,80,58.33,100,338.33,100,80,62.5,87.5,330,75,40,66.67,75,256.67,40,0,-40,-20,-20,-60,-4.17,-4.17,4.17,-16.67,-20.84,-16.67,12.5,12.5,-25,-12.5,-12.5,-25,25,0,0,0,0,25,73.33,8.33,-60.83,-49.17,-28.34,-101.67,-20,-20.84,-12.5,25,49,346,4,111,151,7,0,0,0,141,40,4,49,346,4,0,0,0,239,49,23,2,0,74,5,69,239,20,4
47,djguzmanc,1,80,79.17,100,334.17,75,62.5,60,79.17,90.63,292.29,62.5,80,62.5,100,305,62.5,60,62.5,81.25,266.25,62.5,60,70.83,87.5,280.83,0,20,-20,20,20,20,-8.33,0,16.67,0,8.34,16.67,-6.25,18.75,-9.37,9.37,12.5,18.75,0,0,0,12.5,12.5,12.5,-14.58,38.75,-12.71,41.88,53.34,67.92,20,8.34,12.5,12.5,0,0,0,100,1008,3,86,306,2,62,674,3,0,0,0,0,0,0,148,25,17,39,55,136,50,86,148,27,32
48,gsuarezc04,1,0,25,0,50,25,25,0,25,0,50,25,0,25,0,50,37.5,0,20.83,75,133.33,0,0,0,0,0,0,0,0,0,0,0,20.83,4.17,0,0,25,4.17,75,-75,0,0,0,-75,37.5,-12.5,0,0,-12.5,25,133.33,-83.33,0,0,50,-83.33,0,25,0,25,0,0,0,0,0,4,0,0,0,0,0,0,0,0,0,18,23,2,0,0,0,0,0,0,,,0,13,
49,oeroaq,1,100,87.5,82.5,357.5,87.5,75,100,79.17,95.83,350,75,100,58.33,87.5,320.83,75,80,58.33,75,288.33,37.5,60,58.33,75,230.83,20,20,0,0,40,20,0,0,20.84,8.33,29.17,29.17,0,12.5,8.33,-13.33,7.5,7.5,37.5,0,0,12.5,12.5,50,57.5,32.5,29.17,7.5,126.67,69.17,40,29.17,7.5,50,43,65,3,31,304,3,81,93,4,30,158,2,43,65,3,96,258,3,197,446,461,223,162,1292,133,1158,197,19,31
50,gcantem,1,100,70.83,87.5,283.33,25,100,60,29.17,75,264.17,62.5,60,29.17,75,226.67,62.5,60,41.67,87.5,251.67,62.5,100,79.17,87.5,329.17,-40,0,0,40,0,40,-37.5,-12.5,0,41.66,-8.34,29.16,0,-12.5,0,12.5,0,0,0,0,37.5,-75,-37.5,-37.5,-77.5,-25,37.5,19.16,-45.84,31.66,0,-8.34,0,-37.5,9,15,12,7,27,5,0,0,0,9,20,10,9,15,12,36,30,7,27,190,87,83,313,673,135,536,27,28,37
51,Semoralesga,1,20,33.33,62.5,165.83,50,62.5,20,33.33,62.5,178.33,62.5,20,33.33,62.5,178.33,75,20,33.33,62.5,190.83,12.5,20,33.33,0,65.83,0,0,0,0,0,0,0,0,0,0,0,0,62.5,0,0,0,62.5,0,62.5,-12.5,0,-12.5,-25,37.5,125,-12.5,0,-12.5,100,-25,0,0,62.5,37.5,0,0,0,8,66,2,0,0,0,12,57,5,0,0,0,12,57,5,12,59,0,0,0,59,8,51,12,11,4
52,jonatan360,1,100,75,77.5,352.5,100,100,60,83.33,100,343.33,100,60,79.17,93.75,332.92,87.5,40,37.5,62.5,227.5,100,60,70.83,55,285.83,-20,20,0,40,40,60,-33.33,41.67,4.16,-8.33,4.17,37.5,7.5,31.25,6.25,-22.5,22.5,15,-12.5,12.5,0,0,12.5,0,-58.33,105.42,10.41,9.17,66.67,125,40,4.17,22.5,0,40,64,2,88,206,2,47,53,2,33,96,1,40,64,2,89,182,2,160,195,145,52,225,617,75,540,160,51,40
53,jesusfchavarro,1,100,62.5,82.5,345,100,75,100,70.83,87.5,333.33,75,100,70.83,100,345.83,75,60,66.67,87.5,289.17,100,40,33.33,75,248.33,20,40,0,0,60,40,33.34,4.16,0,-8.33,29.17,-4.17,12.5,12.5,-12.5,-5,7.5,-5,-25,0,0,25,25,0,40.84,56.66,-12.5,11.67,96.67,55.83,60,29.17,7.5,0,9,35,2,180,374,5,311,127,2,21,104,5,9,35,2,0,0,0,350,69,44,90,86,289,25,264,350,35,13
54,stevenbustos,1,20,33.33,70,198.33,75,62.5,20,33.33,0,115.83,50,20,33.33,0,103.33,50,20,33.33,0,103.33,12.5,20,37.5,62.5,132.5,0,0,0,0,0,0,-4.17,0,0,0,-4.17,0,-62.5,0,0,70,7.5,70,37.5,0,12.5,12.5,25,62.5,-29.17,0,12.5,82.5,65.83,95,0,-4.17,7.5,62.5,167,22,1,2,72,6,0,0,0,16,121,4,167,22,1,113,73,4,350,28,3,0,0,31,6,25,350,9,4
55,jufcontrerasco,1,60,79.17,50,264.17,75,75,20,41.67,25,161.67,50,20,33.33,25,128.33,50,0,33.33,25,108.33,0,0,29.17,62.5,91.67,0,20,0,40,60,60,4.16,0,8.34,37.5,50,45.84,-37.5,0,0,25,-12.5,25,50,0,25,0,25,75,16.66,20,33.34,102.5,172.5,155.84,60,50,-12.5,75,0,0,0,14,24,5,4,0,1,53,113,3,0,0,0,53,117,3,57,37,28,1,6,72,6,66,57,9,6
56,dsbarrerag,1,80,70.83,91.67,330,87.5,87.5,60,62.5,75,285,75,100,62.5,87.5,325,75,100,70.83,87.5,333.33,50,80,70.83,25,225.83,20,0,-40,20,0,-20,0,-8.33,0,8.33,0,0,62.5,0,-12.5,16.67,66.67,4.17,25,0,12.5,0,12.5,37.5,107.5,-8.33,-40,45,104.17,-3.33,0,0,66.67,37.5,53,20,2,71,43,4,2,12,1,1,3,1,53,20,2,84,105,5,109,47,1,0,0,48,15,33,109,17,4
57,wolfstain,1,20,33.33,56.25,197.08,87.5,87.5,20,33.33,62.5,203.33,87.5,20,25,62.5,195,75,20,33.33,62.5,190.83,25,20,29.17,0,74.17,0,0,0,0,0,0,4.16,-8.33,8.33,0,4.16,0,62.5,0,0,-6.25,56.25,-6.25,50,12.5,0,0,12.5,62.5,116.66,4.17,8.33,-6.25,122.91,6.25,0,4.16,56.25,62.5,0,0,0,46,459,6,49,391,7,437,459,2,0,0,0,95,459,7,486,203,19,43,0,265,28,237,486,18,4
58,miaborjaac,1,80,70.83,85,323.33,87.5,75,80,66.67,80,301.67,75,80,58.33,87.5,300.83,62.5,20,33.33,0,115.83,62.5,20,37.5,0,120,0,60,0,0,60,60,-4.17,25,8.34,4.16,33.33,37.5,0,87.5,-7.5,5,85,85,0,12.5,0,12.5,25,25,-4.17,185,0.84,21.66,203.33,207.5,60,33.33,85,25,10,42,2,34,29,5,18,16,3,28,92,2,10,42,2,26,32,3,66,130,93,84,89,396,68,327,66,29,26
59,ivdgonzalezco,1,100,50,87.5,312.5,75,75,40,50,0,165,75,20,29.17,0,124.17,75,20,33.33,0,128.33,0,0,0,0,0,20,0,20,60,100,80,33.33,-4.16,20.83,0,50,16.67,0,0,0,87.5,87.5,87.5,75,0,0,0,0,75,128.33,-4.16,40.83,147.5,312.5,184.17,100,50,87.5,75,1,3,1,1,5,1,0,0,0,0,0,0,1,3,1,39,219,7,2,45,90,40,0,175,71,103,2,12,39
60,maikellPardo,1,0,37.5,25,62.5,0,25,0,25,25,75,0,0,33.33,25,58.33,12.5,0,25,25,62.5,37.5,0,25,25,87.5,0,0,0,0,0,0,0,8.33,-8.33,12.5,12.5,12.5,0,0,0,0,0,0,-25,-12.5,25,-25,-12.5,-37.5,-25,-4.17,16.67,-12.5,-25,0,0,12.5,0,-37.5,0,0,0,0,0,0,0,0,0,0,0,0,0,0,0,0,0,0,0,18,0,0,0,18,,18,0,16,
61,Christian7sr,1,20,29.17,0,124.17,75,75,20,29.17,0,124.17,75,20,29.17,0,124.17,62.5,20,29.17,0,111.67,25,20,29.17,0,74.17,0,0,0,0,0,0,0,0,0,0,0,0,0,0,0,0,0,0,37.5,12.5,0,0,12.5,50,37.5,12.5,0,0,50,12.5,0,0,0,50,5,5,1,1,37,1,0,0,0,0,0,0,5,5,1,0,0,0,10,166,71,0,0,237,69,167,10,13,40
62,jsnarvaezb,1,20,54.17,50,211.67,87.5,75,40,54.17,75,244.17,62.5,20,58.33,87.5,228.33,62.5,20,50,75,207.5,50,20,41.67,62.5,174.17,0,0,20,-20,0,0,8.33,8.33,-4.16,0,12.5,4.17,12.5,12.5,-12.5,-25,-12.5,-25,12.5,0,12.5,12.5,25,37.5,33.33,20.83,15.84,-32.5,37.5,4.17,0,12.5,-12.5,37.5,0,0,0,98,133,6,3,8,2,8,56,2,0,0,0,8,61,2,11,77,34,1,0,112,20,92,11,20,4
63,gfalbarracinr,1,0,25,0,100,75,50,0,0,0,50,50,0,25,0,75,37.5,0,25,0,62.5,12.5,0,25,25,62.5,0,0,0,0,0,0,0,0,-25,25,0,0,-25,0,0,0,-25,0,25,12.5,0,25,37.5,62.5,0,12.5,-25,50,37.5,37.5,0,0,-25,62.5,3,8,3,48,40,7,40,36,5,10,6,8,3,8,3,0,0,0,56,31,0,43,35,109,25,83,56,14,15
64,aldiazve,1,20,54.17,75,236.67,87.5,87.5,60,54.17,58.33,260,75,40,45.83,68.75,229.58,75,40,45.83,50,210.83,37.5,20,25,37.5,120,20,0,20,-40,0,-20,20.83,0,8.34,0,29.17,8.34,12.5,18.75,-10.42,16.67,37.5,25,37.5,0,12.5,0,12.5,50,90.83,18.75,30.42,-23.33,116.67,25.84,0,29.17,37.5,50,14,83,3,10,229,6,0,0,0,1,29,2,14,83,3,4,49,2,29,162,86,13,113,374,87,287,29,148,27
65,diegoaguevarar,1,80,62.5,87.5,317.5,87.5,75,100,75,62.5,312.5,75,100,62.5,87.5,325,75,40,54.17,50,219.17,50,0,25,12.5,87.5,40,60,0,-20,80,40,29.17,8.33,12.5,-12.5,37.5,8.33,37.5,37.5,-25,25,75,37.5,25,0,0,12.5,12.5,37.5,131.67,105.83,-12.5,5,230,98.33,80,37.5,75,37.5,0,0,9,0,0,9,0,0,0,0,0,0,0,0,9,45,93,2,0,83,6,11,29,129,57,72,0,32,20
66,fevargasmo,1,40,50,75,240,75,75,40,58.33,75,248.33,75,80,58.33,100,313.33,75,0,29.17,25,129.17,50,40,75,0,165,-40,80,-40,0,0,40,-45.83,29.16,0,-8.33,-25,20.83,25,75,-25,0,75,50,25,0,0,0,0,25,-35.83,184.16,-65,-8.33,75,110.83,0,-25,75,25,32,19,2,6,307,3,5,163,1,7,90,1,32,19,2,86,245,17,76,66,14,8,9,97,8,89,76,18,6
67,jmhurtadoc,1,0,33.33,25,120.83,62.5,62.5,0,29.17,25,116.67,62.5,0,33.33,25,120.83,62.5,0,25,0,87.5,100,0,25,37.5,162.5,0,0,0,0,0,0,0,8.33,-4.16,4.16,8.33,8.33,-37.5,25,0,0,-12.5,25,-37.5,0,0,0,0,-37.5,-75,33.33,-4.16,4.16,-41.67,33.33,0,8.33,-12.5,-37.5,0,0,0,0,0,0,0,0,0,0,0,0,0,0,0,0,0,0,0,0,0,0,0,0,,,0,14,
68,anfmorenoso,1,40,37.5,52.5,217.5,87.5,75,20,33.33,50,178.33,62.5,20,33.33,0,115.83,62.5,20,33.33,0,115.83,0,20,37.5,40,97.5,0,0,0,20,20,20,-4.17,0,0,4.17,0,4.17,-40,0,50,2.5,12.5,52.5,62.5,0,12.5,12.5,25,87.5,18.33,0,62.5,39.17,120,101.67,20,0,12.5,87.5,32,25,2,2,27,6,0,0,0,11,25,3,32,25,2,55,162,12,75,30,17,0,27,74,17,56,75,139,9
69,nabautistal,1,20,50,62.5,195,62.5,37.5,20,33.33,0,90.83,37.5,20,29.17,0,86.67,50,20,29.17,0,99.17,12.5,20,25,0,57.5,0,0,0,0,0,0,4.17,0,4.16,16.67,25,20.83,0,0,0,62.5,62.5,62.5,37.5,-12.5,0,25,12.5,50,41.67,-12.5,4.16,104.17,137.5,95.83,0,25,62.5,50,2,0,4,0,0,8,0,0,2,0,0,2,2,0,4,0,0,7,4,80,11,0,0,91,20,71,4,13,4
70,crigar,1,20,25,0,82.5,37.5,62.5,20,25,0,107.5,37.5,20,25,0,82.5,50,20,25,0,95,25,20,25,0,70,0,0,0,0,0,0,0,0,0,0,0,0,0,0,0,0,0,0,25,-12.5,25,-25,-12.5,12.5,25,-12.5,25,-25,12.5,-12.5,0,0,0,12.5,0,0,0,0,0,0,0,0,0,0,0,0,0,0,0,0,0,0,0,5,0,0,0,5,3,2,0,9,3
71,jiapulidoar,1,60,83.33,66.67,310,100,100,40,62.5,75,277.5,100,40,66.67,75,281.67,100,40,41.67,75,256.67,87.5,40,50,41.67,219.17,0,0,0,20,20,20,-8.33,25,-4.17,20.83,33.33,41.66,33.33,0,0,-8.33,25,-8.33,12.5,0,0,0,0,12.5,37.5,25,-4.17,32.5,90.83,53.33,20,33.33,25,12.5,3,35,2,22,142,8,24,61,1,0,0,0,3,35,2,0,0,2017,30,238,59,38,48,383,17,364,30,16,12
72,jsviveroj,1,80,79.17,72.5,331.67,100,87.5,60,58.33,75,280.83,87.5,60,58.33,87.5,293.33,75,20,33.33,25,153.33,50,20,33.33,0,103.33,0,40,0,20,60,60,0,25,0,20.84,45.84,45.84,25,62.5,-12.5,-2.5,72.5,47.5,25,12.5,0,12.5,25,50,50,140,-12.5,50.84,228.34,178.34,60,45.84,72.5,50,6,32,2,17,147,3,12,52,2,5,44,2,6,32,2,15,120,2,29,94,25,8,44,171,53,118,29,22,29
73,daandradec,1,100,66.67,95,336.67,75,75,100,75,68.75,318.75,100,20,58.33,62.5,240.83,87.5,80,58.33,87.5,313.33,50,0,25,62.5,137.5,80,-60,80,0,100,20,33.33,0,16.67,-8.33,41.67,8.34,25,-25,6.25,26.25,32.5,7.5,37.5,12.5,-25,0,-12.5,25,175.83,-72.5,77.92,17.92,199.17,23.34,100,41.67,32.5,25,0,0,0,11,62,2,61,125,2,69,12,1,0,0,0,36,132,12,130,66,56,76,42,240,35,205,130,26,18
74,jcrubioa,1,40,50,81.25,246.25,75,75,20,45.83,75,215.83,75,20,29.17,81.25,205.42,75,0,25,87.5,187.5,75,20,41.67,0,136.67,-20,20,0,20,20,40,-16.67,4.17,16.66,4.17,8.33,25,87.5,-6.25,-6.25,6.25,81.25,-6.25,0,0,0,0,0,0,50.83,17.92,10.41,30.42,109.58,58.75,20,8.33,81.25,0,0,0,0,1,4,1,0,0,0,0,0,0,0,0,0,0,0,4,0,71,52,0,0,123,32,91,0,17,12
75,joahernandezca,1,20,54.17,25,161.67,62.5,50,20,37.5,25,132.5,50,0,33.33,25,108.33,50,0,25,0,75,50,0,37.5,62.5,150,0,0,20,0,20,20,-12.5,8.33,4.17,16.67,16.67,29.17,-62.5,25,0,0,-37.5,25,0,0,0,12.5,12.5,12.5,-75,33.33,24.17,29.17,11.67,86.67,20,16.67,-37.5,12.5,0,0,0,2,25,3,0,0,0,0,0,1,0,0,0,0,0,1,0,0,0,0,0,0,,,0,13,
76,ItsNavi,1,0,0,0,0,0,0,0,0,0,0,0,0,0,0,0,12.5,0,0,0,12.5,0,0,0,0,0,0,0,0,0,0,0,0,0,0,0,0,0,0,0,0,0,0,0,12.5,-12.5,0,0,-12.5,0,12.5,-12.5,0,0,0,-12.5,0,0,0,0,0,0,0,0,0,0,0,0,0,0,0,0,0,0,0,1,3,1,0,14,0,0,0,14,3,11,0,7,2
77,Zeugmax,1,0,0,0,0,0,0,0,0,0,0,0,0,0,0,0,12.5,0,0,0,12.5,0,0,0,0,0,0,0,0,0,0,0,0,0,0,0,0,0,0,0,0,0,0,0,12.5,-12.5,0,0,-12.5,0,12.5,-12.5,0,0,0,-12.5,0,0,0,0,0,0,0,0,0,0,0,0,0,0,0,0,0,0,0,0,0,0,0,0,0,0,0,0,,,0,15,
78,kastellanos,1,0,0,0,0,0,0,0,0,0,0,0,0,0,0,0,0,0,0,0,0,0,0,0,0,0,0,0,0,0,0,0,0,0,0,0,0,0,0,0,0,0,0,0,0,0,0,0,0,0,0,0,0,0,0,0,0,0,0,0,0,0,0,0,0,0,0,0,0,0,0,0,0,0,0,0,0,0,0,0,0,0,0,0,,,0,10,
79,JairVillalba,1,0,0,0,75,75,62.5,0,0,0,62.5,62.5,0,0,0,62.5,62.5,0,0,0,62.5,62.5,0,0,0,62.5,0,0,0,0,0,0,0,0,0,0,0,0,0,0,0,0,0,0,0,0,0,12.5,12.5,12.5,0,0,0,12.5,12.5,12.5,0,0,0,12.5,9,111,4,21,114,7,18,48,3,27,75,5,9,111,4,0,0,0,63,82,85,10,97,274,101,171,63,22,29
80,jusherrerama,2,20,25,0,120,75,62.5,20,25,0,107.5,62.5,20,37.5,0,120,62.5,20,29.17,50,161.67,25,20,37.5,0,82.5,0,0,0,0,0,0,-8.33,8.33,-12.5,0,-12.5,-4.17,50,-50,0,0,0,-50,37.5,0,0,12.5,12.5,50,79.17,-41.67,-12.5,12.5,37.5,-41.67,0,-12.5,0,50,0,0,0,0,0,0,0,0,0,0,0,0,0,0,0,0,0,0,0,0,0,0,0,0,,,0,103,
81,bdvegat,2,20,25,0,107.5,62.5,50,20,25,0,95,50,20,25,0,95,50,20,25,0,95,0,0,0,0,0,20,0,0,0,20,0,25,0,0,0,25,0,0,0,0,0,0,0,50,0,0,12.5,12.5,62.5,95,0,0,12.5,107.5,12.5,20,25,0,62.5,0,0,5,25,50,3,25,50,3,0,0,0,0,0,0,3,4,2,25,0,18,0,0,18,14,,25,44,8
82,Phoenixest,2,0,25,25,75,25,25,20,25,25,95,25,20,25,25,95,37.5,20,29.17,25,111.67,0,20,29.17,25,74.17,0,0,0,-20,-20,-20,0,-4.17,0,0,-4.17,-4.17,0,0,0,0,0,0,37.5,-12.5,0,0,-12.5,25,37.5,-16.67,0,-20,0.83,-36.67,-20,-4.17,0,25,0,0,0,0,0,0,0,0,0,0,0,0,0,0,0,0,0,0,0,4,0,1,0,5,2,,0,93,2
83,HashNick,2,40,50,25,152.5,37.5,37.5,40,54.17,0,131.67,37.5,20,45.83,0,103.33,50,0,33.33,25,108.33,0,0,0,0,0,0,20,20,0,40,40,33.33,12.5,8.34,-4.17,50,16.67,25,-25,0,25,25,0,50,-12.5,0,0,-12.5,37.5,108.33,-5,28.34,20.83,152.5,44.17,40,50,25,37.5,3,5,1,0,0,0,0,0,0,18,23,2,0,0,0,7,10,2,21,21,0,0,0,21,8,,21,33,7
84,ccvacad,2,80,66.67,80,314.17,87.5,0,0,0,0,0,0,0,0,0,0,12.5,0,0,0,12.5,0,0,0,0,0,0,0,0,80,80,80,0,0,0,66.67,66.67,66.67,0,0,0,80,80,80,12.5,-12.5,0,87.5,75,87.5,12.5,-12.5,0,314.17,314.17,301.67,80,66.67,80,87.5,3,41,1,2,38,5,0,0,0,2,36,5,19,57,2,1,1,1,24,4,42,8,38,92,84,,24,,37
85,joaortizro,2,100,50,87.5,325,87.5,87.5,80,50,62.5,280,87.5,80,50,87.5,305,87.5,60,33.33,87.5,268.33,62.5,20,25,0,107.5,40,20,0,20,80,40,8.33,16.67,0,0,25,16.67,87.5,0,-25,25,87.5,0,25,0,0,0,0,25,160.83,36.67,-25,45,217.5,56.67,80,25,87.5,25,0,0,0,0,0,0,0,0,0,0,0,0,0,0,0,0,0,0,0,0,0,0,0,0,,,0,52,
86,juasmartinezbel,2,100,75,75,337.5,87.5,75,100,58.33,87.5,320.83,75,60,70.83,87.5,293.33,75,80,54.17,87.5,296.67,75,60,54.17,62.5,251.67,20,-20,40,0,40,20,0,16.66,-12.5,16.67,20.83,20.83,25,0,0,-12.5,12.5,-12.5,0,0,0,12.5,12.5,12.5,45,-3.34,27.5,16.67,85.83,40.83,40,20.83,12.5,12.5,3,8,1,4,21,1,1,9,1,4,0,1,0,0,0,1,13,1,8,0,0,0,0,0,,,8,83,
87,mdbelloc,2,0,37.5,25,137.5,75,75,0,29.17,25,129.17,75,0,33.33,25,133.33,75,0,25,25,125,37.5,0,29.17,25,91.67,0,0,0,0,0,0,-4.17,8.33,-4.16,8.33,8.33,12.5,0,0,0,0,0,0,37.5,0,0,0,0,37.5,33.33,8.33,-4.16,8.33,45.83,12.5,0,8.33,0,37.5,0,0,0,0,0,0,0,0,0,0,0,0,0,0,0,0,0,0,0,0,0,0,0,0,,,0,104,
88,diegocruz10,2,20,45.83,25,128.33,37.5,37.5,40,29.17,0,106.67,37.5,20,54.17,0,111.67,50,20,58.33,0,128.33,25,20,45.83,0,90.83,0,0,20,-20,0,0,12.5,-4.16,-25,16.66,0,-12.5,0,0,0,25,25,25,25,-12.5,0,0,-12.5,12.5,37.5,-16.66,-5,21.66,37.5,0,0,0,25,12.5,74,150,3,2,0,3,45,93,2,0,0,0,0,0,0,106,938,3,119,11,0,0,3,14,12,,119,74,12
89,crarojasca,2,20,25,0,45,0,0,20,25,0,45,0,20,25,0,45,12.5,20,25,0,57.5,0,20,25,0,45,0,0,0,0,0,0,0,0,0,0,0,0,0,0,0,0,0,0,12.5,-12.5,0,0,-12.5,0,12.5,-12.5,0,0,0,-12.5,0,0,0,0,0,0,0,0,0,0,0,0,0,0,0,0,0,0,0,0,0,0,0,0,0,0,33,33,32,,0,,30
90,sagilm,2,20,33.33,62.5,178.33,62.5,50,0,37.5,62.5,150,50,0,33.33,62.5,145.83,37.5,0,33.33,0,70.83,25,0,25,0,50,0,0,0,20,20,20,8.33,0,4.17,-4.17,8.33,0,0,62.5,0,0,62.5,62.5,12.5,12.5,0,12.5,25,37.5,20.83,75,4.17,28.33,128.33,107.5,20,8.33,62.5,37.5,14,35,3,19,129,6,7,8,3,12,13,4,15,103,1,25,120,5,48,27,21,0,0,48,35,,48,77,24
91,idrojasf,2,20,50,25,170,75,75,20,58.33,0,153.33,37.5,60,58.33,0,155.83,37.5,60,45.83,25,168.33,62.5,20,62.5,62.5,207.5,40,0,-40,0,0,-40,-16.67,12.5,0,-8.33,-12.5,4.17,-37.5,-25,0,25,-37.5,0,-25,0,37.5,0,37.5,12.5,-39.17,-12.5,-2.5,16.67,-37.5,1.67,0,-12.5,-37.5,12.5,0,0,0,12,15,2,0,0,0,11,9,1,0,0,0,0,0,0,11,38,21,0,0,59,44,,11,95,21
92,raulramirezp,2,60,45.83,66.67,272.5,100,75,40,33.33,0,148.33,75,40,33.33,75,223.33,75,40,29.17,75,219.17,0,0,0,0,0,40,0,0,20,60,20,29.17,4.16,0,12.5,45.83,16.66,75,0,-75,66.67,66.67,-8.33,75,0,0,25,25,100,219.17,4.16,-75,124.17,272.5,53.33,60,45.83,66.67,100,22,20,8,23,24,7,0,0,0,22,18,3,19,0,1,22,37,3,63,31,17,7,43,98,78,,63,37,36
93,fabianr23,2,80,58.33,87.5,325.83,100,100,100,70.83,87.5,358.33,100,100,70.83,87.5,358.33,100,80,62.5,87.5,330,50,80,75,0,205,0,20,0,-20,0,0,-12.5,8.33,0,-12.5,-16.67,-4.17,87.5,0,0,0,87.5,0,50,0,0,0,0,50,125,28.33,0,-32.5,120.83,-4.17,0,-16.67,87.5,50,47,132,2,84,113,6,20,35,4,97,110,2,18,11,2,141,96,6,182,38,0,0,0,38,38,,182,83,18
94,jhriverasa,2,100,58.33,60,318.33,100,75,100,70.83,87.5,333.33,87.5,100,50,75,312.5,87.5,20,29.17,87.5,224.17,50,20,29.17,43.75,142.92,0,80,0,0,80,80,0,20.83,20.83,-12.5,29.16,29.16,43.75,-12.5,12.5,-27.5,16.25,-27.5,37.5,0,-12.5,25,12.5,50,81.25,88.33,20.83,-15,175.41,94.16,80,29.16,16.25,50,14,65,8,73,158,5,1,3,2,0,0,2,0,0,10,24,93,2,15,0,13,36,19,68,49,,15,18,28
95,jhonsd1996,2,20,54.17,25,174.17,75,75,20,62.5,0,157.5,75,20,58.33,0,153.33,75,0,0,0,75,50,0,25,25,100,0,20,0,0,20,20,-25,58.33,4.17,-8.33,29.17,54.17,-25,0,0,25,0,25,25,0,0,0,0,25,-25,78.33,4.17,16.67,74.17,99.17,20,29.17,0,25,2,3,5,0,0,1,0,0,0,0,0,0,0,0,0,6,32,8,2,58,107,3,30,198,182,,2,70,36
96,JuanitoAli,2,80,58.33,65,265.83,62.5,62.5,100,75,87.5,325,62.5,80,54.17,58.33,255,62.5,80,54.17,87.5,284.17,75,0,25,0,100,80,0,20,-20,80,0,29.17,0,20.83,-16.67,33.33,4.16,87.5,-29.17,29.17,-22.5,65,-22.5,-12.5,0,0,0,0,-12.5,184.17,-29.17,70,-59.17,165.83,-18.34,80,33.33,65,-12.5,125,221,4,121,172,8,178,316,5,270,98,4,0,0,0,181,147,8,573,26,21,35,85,167,109,,573,53,37
97,Davsatu313,2,80,70.83,84.38,322.71,87.5,87.5,80,62.5,70.83,300.83,87.5,100,58.33,75,320.83,87.5,20,54.17,75,236.67,62.5,20,50,75,207.5,0,80,-20,0,60,60,4.17,4.16,4.17,8.33,20.83,16.66,0,0,-4.17,13.55,9.38,9.38,25,0,0,0,0,25,29.17,84.16,-20,21.88,115.21,86.04,60,20.83,9.38,25,0,0,1,4,31,2,2,15,2,1,11,1,1,0,1,7,7,3,4,20,0,38,0,58,55,,4,66,27
98,cesarochoa2006,2,100,66.67,72.5,326.67,87.5,87.5,60,58.33,78.13,283.96,87.5,60,41.67,87.5,276.67,62.5,60,45.83,87.5,255.83,37.5,20,29.17,0,86.67,40,0,0,40,80,40,16.66,-4.16,16.66,8.34,37.5,20.84,87.5,0,-9.37,-5.63,72.5,-15,25,25,0,0,25,50,169.16,20.84,7.29,42.71,240,70.84,80,37.5,72.5,50,0,0,0,19,54,2,1,2,1,20,54,2,0,0,0,0,0,0,21,52,29,13,1,95,92,,21,57,35
99,jjmuesesq,2,20,25,0,120,75,62.5,20,25,0,107.5,50,0,29.17,0,79.17,50,20,29.17,87.5,186.67,37.5,20,25,0,82.5,0,-20,20,0,0,0,4.17,0,-4.17,0,0,-4.17,87.5,-87.5,0,0,0,-87.5,12.5,0,12.5,12.5,25,37.5,104.17,-107.5,28.33,12.5,37.5,-66.67,0,0,0,37.5,0,0,5,0,0,11,0,0,1,0,0,8,0,0,1,0,0,10,0,2,0,52,21,75,72,,0,32,33
100,jucjimenezmo,2,0,25,62.5,187.5,100,75,20,33.33,75,203.33,47,20,33.33,0,100.33,50,20,29.17,0,99.17,12.5,0,0,0,12.5,20,0,0,-20,0,-20,29.17,4.16,0,-8.33,25,-4.17,0,0,75,-12.5,62.5,62.5,37.5,-3,28,25,50,87.5,86.67,1.16,103,-15.83,175,88.33,0,25,62.5,87.5,0,0,1,0,0,1,0,0,0,0,0,0,0,0,0,0,0,0,0,22,68,24,2,116,100,,0,15,29
101,kancas,2,20,25,62.5,182.5,75,62.5,40,29.17,75,206.67,62.5,60,33.33,75,230.83,62.5,60,33.33,87.5,243.33,37.5,20,29.17,0,37.5,40,0,-20,-20,0,-40,4.16,0,-4.16,-4.17,-4.17,-8.33,87.5,-12.5,0,-12.5,62.5,-25,25,0,0,12.5,12.5,37.5,205.83,-12.5,-24.16,-24.17,145,-60.83,0,-4.17,62.5,37.5,14,15,2,14,15,2,0,0,0,0,0,0,0,0,0,0,0,0,14,6,2,25,1,34,32,,14,83,25
102,Gantiva,2,100,70.83,100,345.83,75,62.5,100,75,0,237.5,62.5,100,66.67,0,229.17,75,0,33.33,25,133.33,50,20,45.83,0,115.83,-20,100,0,0,80,100,-12.5,33.34,8.33,-4.17,25,37.5,25,-25,0,100,100,75,25,-12.5,0,12.5,0,25,17.5,95.84,8.33,108.33,230,212.5,80,25,100,25,3,5,1,22,105,3,9,17,2,22,86,2,0,0,0,5,57,2,34,25,4,0,0,29,27,,34,49,18
103,Dandarprox,2,80,58.33,37.5,275.83,100,75,80,58.33,0,213.33,62.5,40,33.33,0,135.83,62.5,40,33.33,0,135.83,12.5,20,29.17,43.75,105.42,20,0,40,0,60,40,4.16,0,25,0,29.16,25,-43.75,0,0,37.5,-6.25,37.5,50,0,12.5,25,37.5,87.5,30.41,0,77.5,62.5,170.41,140,60,29.16,-6.25,87.5,0,0,0,11,16,1,0,0,0,11,16,1,0,0,0,0,0,0,11,27,0,39,2,68,63,,11,89,30
104,debeltranc,2,0,25,25,125,75,50,0,25,25,100,50,0,25,25,100,50,0,25,0,75,75,0,25,62.5,162.5,0,0,0,0,0,0,0,0,0,0,0,0,-62.5,25,0,0,-37.5,25,-25,0,0,25,25,0,-87.5,25,0,25,-37.5,50,0,0,-37.5,0,0,0,2,0,0,0,17,17,2,0,0,0,6,8,2,0,0,0,23,23,0,0,0,23,1,,23,69,1
105,ykchautai,2,20,41.67,75,211.67,75,75,20,41.67,62.5,199.17,75,20,37.5,62.5,195,62.5,20,37.5,0,120,50,20,29.17,62.5,161.67,0,0,0,0,0,0,8.33,0,4.17,0,12.5,4.17,-62.5,62.5,0,12.5,12.5,75,12.5,12.5,0,0,12.5,25,-41.67,75,4.17,12.5,50,91.67,0,12.5,12.5,25,13,61,2,25,196,4,6,52,2,2,29,3,16,66,2,17,140,3,37,42,0,19,30,91,70,,37,50,35
106,ligibrial,2,0,33.33,25,145.83,87.5,62.5,0,33.33,12.5,108.33,62.5,0,33.33,25,120.83,50,0,33.33,25,108.33,37.5,0,33.33,62.5,133.33,0,0,0,0,0,0,0,0,0,0,0,0,-37.5,0,-12.5,12.5,-37.5,0,12.5,12.5,0,25,37.5,50,-25,12.5,-12.5,37.5,12.5,37.5,0,0,-37.5,50,5,10,4,1,10,6,21,9,1,8,14,2,2,4,6,2,9,6,36,0,0,0,38,38,32,,36,82,24
107,davidrh195,2,20,25,0,95,50,62.5,20,25,0,107.5,62.5,20,25,0,107.5,75,20,25,0,120,0,0,0,0,0,20,0,0,0,20,0,25,0,0,0,25,0,0,0,0,0,0,0,75,-12.5,0,-12.5,-25,50,120,-12.5,0,-12.5,95,-25,20,25,0,50,6,9,1,146,275,3,0,0,0,28,44,2,0,0,0,2,26,2,34,85,32,43,30,190,170,,34,47,35
108,JulianaNino,2,20,41.67,75,224.17,87.5,75,20,29.17,0,124.17,75,20,29.17,0,124.17,62.5,0,29.17,0,91.67,25,0,29.17,0,54.17,0,20,0,0,20,20,0,0,0,12.5,12.5,12.5,0,0,0,75,75,75,37.5,12.5,0,12.5,25,62.5,37.5,32.5,0,100,170,132.5,20,12.5,75,62.5,3,31,2,4,55,3,12,35,1,50,86,1,1,1,2,63,122,3,66,26,4,19,0,49,46,,66,84,26
109,luegilca,2,0,37.5,0,100,62.5,62.5,0,29.17,25,116.67,62.5,0,33.33,25,120.83,62.5,0,25,25,112.5,37.5,0,29.17,62.5,129.17,0,0,0,0,0,0,-4.17,8.33,-4.16,8.33,8.33,12.5,-37.5,0,0,-25,-62.5,-25,25,0,0,0,0,25,-16.67,8.33,-4.16,-16.67,-29.17,-12.5,0,8.33,-62.5,25,0,0,0,0,0,0,0,0,0,0,0,0,0,0,0,0,0,0,0,46,0,0,0,46,27,,0,49,20
110,Yelis3,2,80,66.67,62.5,309.17,100,87.5,80,66.67,0,234.17,87.5,60,45.83,75,268.33,87.5,20,41.67,62.5,211.67,87.5,40,41.67,62.5,231.67,-20,40,20,0,40,60,0,4.16,20.84,0,25,25,0,12.5,-75,62.5,0,0,0,0,0,12.5,12.5,12.5,-20,56.66,-34.16,75,77.5,97.5,40,25,0,12.5,0,0,4,6,23,9,56,127,2,32,59,4,110,167,7,81,236,8,198,53,0,0,4,57,56,,198,50,23
111,begarzonf,2,40,25,75,227.5,87.5,75,40,25,75,215,62.5,20,29.17,62.5,174.17,62.5,20,25,0,107.5,37.5,20,25,75,157.5,0,0,20,0,20,20,0,4.17,-4.17,0,0,0,-75,62.5,12.5,0,0,75,25,0,12.5,12.5,25,50,-50,66.67,40.83,12.5,70,120,20,0,0,50,0,0,0,3,4,7,3,4,2,0,0,0,0,0,0,0,0,8,3,57,4,18,37,116,109,,3,71,34
112,kmendezp96,2,60,79.17,65.63,304.79,100,62.5,40,45.83,58.33,206.67,75,40,45.83,75,235.83,75,40,33.33,62.5,210.83,50,40,33.33,62.5,185.83,0,0,0,20,20,20,0,12.5,0,33.34,45.84,45.84,0,12.5,-16.67,7.3,3.13,3.13,25,0,-12.5,37.5,25,50,25,25,-29.16,98.12,118.96,93.96,20,45.84,3.13,50,5,47,1,72,157,2,3,16,1,56,51,2,77,112,2,101,144,2,141,11,0,0,15,26,17,,141,94,11
113,leguzman,2,60,79.17,100,339.17,100,100,40,62.5,87.5,290,87.5,0,37.5,25,150,87.5,40,41.67,75,244.17,25,20,45.83,62.5,153.33,20,-40,40,20,40,20,-4.16,-4.17,25,16.67,33.34,37.5,12.5,-50,62.5,12.5,37.5,25,62.5,0,12.5,0,12.5,75,90.84,-94.17,140,49.17,185.84,95,40,33.34,37.5,75,67,318,6,93,967,8,62,408,5,152,274,6,62,257,6,86,749,7,343,53,75,19,9,156,139,,343,109,31
114,luealfonsoru,2,0,45.83,25,158.33,87.5,87.5,0,25,25,137.5,87.5,0,33.33,25,145.83,87.5,0,25,25,137.5,62.5,0,29.17,62.5,154.17,0,0,0,0,0,0,-4.17,8.33,-8.33,20.83,16.66,20.83,-37.5,0,0,0,-37.5,0,25,0,0,0,0,25,-16.67,8.33,-8.33,20.83,4.16,20.83,0,16.66,-37.5,25,37,48,2,38,60,2,1,1,1,1,12,1,0,0,0,2,13,1,39,56,0,0,1,57,54,,39,82,21
115,oserasoa,2,0,33.33,33.33,154.17,87.5,37.5,20,33.33,25,115.83,37.5,20,41.67,25,124.17,37.5,0,33.33,25,95.83,25,0,29.17,0,54.17,0,20,0,-20,0,0,4.16,8.34,-8.34,0,4.16,0,25,0,0,8.33,33.33,8.33,12.5,0,0,50,50,62.5,41.66,28.34,-8.34,38.34,100,58.34,0,4.16,33.33,62.5,1,1,1,10,28,2,1,6,1,0,0,0,14,27,2,9,27,2,16,25,39,0,0,64,61,,16,71,33
116,lsfinite,2,0,25,12.5,125,87.5,0,0,0,0,0,50,0,25,25,100,50,0,25,25,100,12.5,0,25,25,62.5,0,0,0,0,0,0,0,0,-25,25,0,0,0,0,-25,12.5,-12.5,-12.5,37.5,0,-50,87.5,37.5,75,37.5,0,-100,125,62.5,25,0,0,-12.5,75,15,47,6,15,44,6,8,32,2,9,6,2,0,0,0,16,37,3,32,67,14,0,0,81,66,,32,83,25
117,xdanielsb,2,100,87.5,70,357.5,100,50,0,25,0,75,50,0,25,0,75,62.5,0,25,0,87.5,87.5,60,37.5,75,260,-60,0,0,100,40,100,-12.5,0,0,62.5,50,62.5,-75,0,0,70,-5,70,-25,-12.5,0,50,37.5,12.5,-172.5,-12.5,0,282.5,97.5,270,40,50,-5,12.5,11,37,8,12,58,11,11,53,5,10,165,3,8,143,3,12,97,5,40,110,17,102,131,360,250,,40,46,37
118,CSebasGomez,2,0,0,0,0,0,0,0,0,0,0,0,0,0,0,0,12.5,0,0,0,12.5,0,0,0,0,0,0,0,0,0,0,0,0,0,0,0,0,0,0,0,0,0,0,0,12.5,-12.5,0,0,-12.5,0,12.5,-12.5,0,0,0,-12.5,0,0,0,0,17,61,1,0,0,0,0,0,0,0,0,0,0,0,0,61,68,2,17,0,0,0,0,0,,,17,,
119,jhcardenasa,2,0,0,0,0,0,0,0,0,0,0,0,0,0,0,0,12.5,0,0,0,12.5,0,0,0,0,0,0,0,0,0,0,0,0,0,0,0,0,0,0,0,0,0,0,0,12.5,-12.5,0,0,-12.5,0,12.5,-12.5,0,0,0,-12.5,0,0,0,0,0,0,0,0,0,0,0,0,0,0,0,0,0,0,0,0,0,0,0,0,0,0,0,0,,,0,18,
120,tres-iqus,2,0,0,0,0,0,0,0,0,0,0,0,0,0,0,0,12.5,0,0,0,12.5,0,0,0,0,0,0,0,0,0,0,0,0,0,0,0,0,0,0,0,0,0,0,0,12.5,-12.5,0,0,-12.5,0,12.5,-12.5,0,0,0,-12.5,0,0,0,0,0,0,0,0,0,0,0,0,0,0,0,0,0,0,0,0,0,0,0,0,0,0,0,0,,,0,,
121,jscontrerasp,2,0,0,0,0,0,0,0,0,0,0,0,0,0,0,0,0,0,0,0,0,0,0,0,0,0,0,0,0,0,0,0,0,0,0,0,0,0,0,0,0,0,0,0,0,0,0,0,0,0,0,0,0,0,0,0,0,0,0,0,1,10,6,29,9,5,19,43,3,1,1,1,32,3,1,51,46,4,53,97,5,33,43,178,173,,53,37,37
122,lemartinp,3,100,54.17,87.5,329.17,87.5,87.5,80,58.33,75,300.83,62.5,20,54.17,0,136.67,62.5,40,29.17,0,131.67,25,0,33.33,0,58.33,40,-20,60,20,100,60,-4.16,25,4.16,-4.16,20.84,25,0,0,75,12.5,87.5,87.5,37.5,0,25,0,25,62.5,73.34,5,164.16,28.34,270.84,197.5,100,20.84,87.5,62.5,9,76,4,14,303,4,0,0,0,26,246,4,2,4,1,26,248,4,37,107,0,0,6,113,43,69,37,112,25
123,juligarji,3,100,75,92.5,355,87.5,100,100,70.83,87.5,358.33,87.5,20,33.33,62.5,203.33,87.5,40,45.83,68.75,242.08,50,20,29.17,62.5,161.67,20,-20,80,0,80,60,16.66,-12.5,37.5,4.17,45.83,29.17,6.25,-6.25,25,5,30,23.75,37.5,0,12.5,-12.5,0,37.5,80.41,-38.75,155,-3.33,193.33,112.92,80,45.83,30,37.5,18,129,1,56,295,4,133,253,3,29,37,1,44,44,1,162,290,4,224,42,0,0,0,42,1,40,224,143,1
124,nfmorenog,3,0,37.5,15,127.5,75,75,0,33.33,12.5,120.83,75,0,33.33,25,133.33,75,0,33.33,25,133.33,50,0,29.17,25,104.17,0,0,0,0,0,0,4.16,0,0,4.17,8.33,4.17,0,0,-12.5,2.5,-10,-10,25,0,0,0,0,25,29.16,0,-12.5,6.67,23.33,-5.83,0,8.33,-10,25,5,16,2,5,17,2,5,5,1,1,0,1,0,0,0,5,6,2,11,131,46,12,0,189,51,135,11,123,22
125,AFelipeGA,3,40,37.5,56.25,221.25,87.5,75,40,37.5,0,152.5,75,40,37.5,0,152.5,75,40,37.5,0,152.5,12.5,0,25,0,37.5,40,0,0,0,40,0,12.5,0,0,0,12.5,0,0,0,0,56.25,56.25,56.25,62.5,0,0,12.5,12.5,75,115,0,0,68.75,183.75,68.75,40,12.5,56.25,75,0,0,0,25,203,20,0,0,0,0,0,0,0,0,0,0,0,0,0,65,2,0,0,67,9,58,0,93,8
126,mballeng91,3,0,25,25,112.5,62.5,62.5,0,25,25,112.5,50,0,25,25,100,50,0,25,25,100,0,0,0,0,0,0,0,0,0,0,0,25,0,0,0,25,0,25,0,0,0,25,0,50,0,12.5,0,12.5,62.5,100,0,12.5,0,112.5,12.5,0,25,25,62.5,0,0,0,4,3,4,0,0,0,4,3,4,0,0,0,4,3,4,4,152,25,3,0,180,43,129,4,61,22
127,dduartec,3,80,83.33,95,345.83,87.5,87.5,0,0,0,87.5,87.5,80,62.5,75,305,87.5,100,70.83,75,333.33,0,0,41.67,0,41.67,100,-20,-80,80,80,-20,29.16,-8.33,-62.5,83.33,41.66,12.5,75,0,-75,95,95,20,87.5,0,0,0,0,87.5,291.66,-28.33,-217.5,258.33,304.16,12.5,80,41.66,95,87.5,23,21,2,7,7,4,7,7,2,0,0,0,0,0,1,21,23,2,30,96,196,44,54,390,132,248,30,103,38
128,srmedinac,3,20,33.33,0,128.33,75,62.5,20,33.33,0,115.83,62.5,20,33.33,0,115.83,62.5,20,33.33,0,115.83,25,0,0,0,25,20,0,0,0,20,0,33.33,0,0,0,33.33,0,0,0,0,0,0,0,37.5,0,0,12.5,12.5,50,90.83,0,0,12.5,103.33,12.5,20,33.33,0,50,48,228,6,48,228,6,2,2,1,1,1,1,0,0,0,3,3,1,51,14,0,0,0,14,3,11,51,102,2
129,wilson911013,3,0,25,0,75,50,37.5,20,25,0,82.5,37.5,20,33.33,0,90.83,37.5,20,33.33,0,90.83,12.5,20,45.83,0,78.33,0,0,0,-20,-20,-20,-12.5,0,-8.33,0,-20.83,-8.33,0,0,0,0,0,0,25,0,0,12.5,12.5,37.5,12.5,0,-8.33,-7.5,-3.33,-15.83,-20,-20.83,0,37.5,0,0,1,0,0,3,0,0,0,0,0,2,0,0,0,0,0,2,0,105,12,2,0,119,60,46,0,15,29
130,wapiravaguens,3,80,75,72.5,327.5,100,62.5,80,75,0,217.5,62.5,80,50,0,192.5,62.5,80,50,0,192.5,62.5,60,54.17,62.5,239.17,20,0,0,0,20,0,-4.17,0,25,0,20.83,25,-62.5,0,0,72.5,10,72.5,0,0,0,37.5,37.5,37.5,-46.67,0,25,110,88.33,135,20,20.83,10,37.5,26,58,2,33,77,2,13,18,2,12,16,2,1,4,2,21,33,2,52,466,224,50,25,765,74,690,52,123,28
131,davidh17,3,20,45.83,56.25,209.58,87.5,75,0,0,0,75,62.5,100,58.33,0,220.83,62.5,100,58.33,25,245.83,37.5,60,58.33,0,155.83,40,0,-100,20,-40,-80,0,0,-58.33,45.83,-12.5,-12.5,25,-25,0,56.25,56.25,31.25,25,0,12.5,12.5,25,50,90,-25,-145.83,134.58,53.75,-36.25,-40,-12.5,56.25,50,3,3,2,91,296,6,51,136,4,448,642,4,96,124,5,55,54,3,598,176,142,66,297,681,272,396,598,119,38
132,DianaNavarrete,3,20,62.5,25,145,37.5,37.5,20,58.33,0,115.83,37.5,60,50,0,147.5,50,20,58.33,0,128.33,37.5,0,62.5,0,100,20,40,-40,0,20,0,-4.17,-8.33,8.33,4.17,0,4.17,0,0,0,25,25,25,12.5,-12.5,0,0,-12.5,0,28.33,19.17,-31.67,29.17,45,16.67,20,0,25,0,0,0,0,54,65,1,0,0,0,0,0,0,0,0,0,0,0,9,0,0,0,0,0,0,,,0,89,
133,jdmonroyg,3,0,25,25,75,25,0,0,0,0,0,0,0,0,0,0,12.5,0,0,0,12.5,0,0,0,0,0,0,0,0,0,0,0,0,0,0,25,25,25,0,0,0,25,25,25,12.5,-12.5,0,25,12.5,25,12.5,-12.5,0,75,75,62.5,0,25,25,25,0,0,0,7,96,3,0,0,0,0,0,0,0,0,4,0,0,0,0,5,38,4,2,49,45,2,0,,30
134,jorge52an,3,100,50,60,310,100,75,60,33.33,75,243.33,75,0,25,62.5,162.5,75,0,25,87.5,187.5,50,20,29.17,0,99.17,-20,0,60,40,80,100,-4.17,0,8.33,16.67,20.83,25,87.5,-25,12.5,-15,60,-27.5,25,0,0,25,25,50,88.33,-25,80.83,66.67,210.83,122.5,80,20.83,60,50,5,23,1,13,101,1,8,11,1,4,0,1,17,80,1,18,88,1,34,81,34,0,26,141,45,86,34,104,24
135,jscastelblancoh,3,100,83.33,100,358.33,75,75,100,66.67,75,316.67,75,60,33.33,62.5,230.83,75,60,41.67,87.5,264.17,50,60,29.17,62.5,201.67,0,0,40,0,40,40,12.5,-8.34,33.34,16.66,54.16,41.66,25,-25,12.5,25,37.5,12.5,25,0,0,0,0,25,62.5,-33.34,85.84,41.66,156.66,94.16,40,54.16,37.5,25,12,28,3,43,240,3,40,107,1,39,118,2,15,50,2,57,238,2,106,81,34,17,24,156,84,71,106,148,29
136,juclopezso,3,60,50,81.25,278.75,87.5,62.5,60,29.17,0,151.67,62.5,20,29.17,0,111.67,62.5,20,29.17,0,111.67,25,20,25,0,70,0,0,40,0,40,40,4.17,0,0,20.83,25,20.83,0,0,0,81.25,81.25,81.25,37.5,0,0,25,25,62.5,41.67,0,40,127.08,208.75,167.08,40,25,81.25,62.5,300,25,1,0,0,0,0,0,0,25,175,1,125,0,1,25,300,1,450,198,12,11,33,254,132,118,450,88,35
137,afforeroc,3,20,29.17,50,161.67,62.5,50,20,29.17,0,99.17,50,20,33.33,0,103.33,50,20,33.33,0,103.33,12.5,20,33.33,0,65.83,0,0,0,0,0,0,0,0,-4.16,0,-4.16,-4.16,0,0,0,50,50,50,37.5,0,0,12.5,12.5,50,37.5,0,-4.16,62.5,95.84,58.34,0,-4.16,50,50,10,132,5,0,0,0,0,0,0,0,0,0,0,0,0,14,111,3,10,0,0,0,0,0,,,10,96,
138,dagofonseca,3,40,37.5,66.67,231.67,87.5,87.5,40,37.5,100,265,50,40,37.5,100,227.5,50,40,25,75,190,12.5,20,25,0,57.5,20,0,0,0,20,0,0,12.5,0,0,12.5,12.5,75,25,0,-33.33,66.67,-8.33,37.5,0,37.5,0,37.5,75,132.5,37.5,37.5,-33.33,174.17,41.67,20,12.5,66.67,75,0,0,0,31,141,12,31,70,9,1,11,4,20,90,6,11,16,1,52,134,82,0,39,255,118,125,52,144,36
139,lacardenasv,3,100,75,75,350,100,87.5,60,37.5,75,260,87.5,60,54.17,75,264.17,62.5,60,54.17,87.5,264.17,62.5,20,29.17,75,186.67,40,0,0,40,80,40,25,0,-16.67,37.5,45.83,20.83,12.5,-12.5,0,0,0,-12.5,0,25,0,12.5,37.5,37.5,77.5,0,-4.17,90,163.33,85.83,80,45.83,0,37.5,21,13,2,41,111,6,2,51,3,61,294,5,38,54,2,30,108,5,122,272,388,52,126,838,298,527,122,164,37
140,oacastillol,3,60,62.5,37.5,235,75,62.5,0,33.33,25,120.83,62.5,0,33.33,25,120.83,62.5,0,29.17,25,116.67,0,0,29.17,62.5,91.67,0,0,0,60,60,60,0,4.16,0,29.17,33.33,33.33,-37.5,0,0,12.5,-25,12.5,62.5,0,0,12.5,12.5,75,25,4.16,0,114.17,143.33,118.33,60,33.33,-25,75,14,48,3,14,124,4,1,12,2,6,67,2,2,6,1,3,79,3,23,36,10,18,44,108,56,31,23,109,24
141,ncampuzano,3,20,45.83,50,203.33,87.5,62.5,20,37.5,25,145,62.5,0,29.17,25,116.67,50,20,29.17,25,124.17,0,0,29.17,62.5,91.67,20,-20,20,0,20,0,0,0,8.33,8.33,16.66,16.66,-37.5,0,0,25,-12.5,25,50,12.5,0,25,37.5,87.5,32.5,-7.5,28.33,58.33,111.66,79.16,20,16.66,-12.5,87.5,40,198,9,43,273,10,188,21,14,0,0,0,4,243,2,191,263,15,232,123,34,19,0,176,92,74,232,165,35
142,adriel62,3,80,66.67,67.5,301.67,87.5,87.5,40,33.33,50,210.83,75,20,33.33,62.5,190.83,87.5,20,33.33,62.5,203.33,25,20,33.33,25,103.33,0,0,20,40,60,60,0,0,0,33.34,33.34,33.34,37.5,0,-12.5,17.5,42.5,5,62.5,-12.5,12.5,0,0,62.5,100,-12.5,20,90.84,198.34,98.34,60,33.34,42.5,62.5,0,0,2,78,117,2,21,88,3,112,75,3,133,85,4,67,41,3,266,824,88,286,74,1272,506,729,266,116,38
143,capinzor,3,20,25,58.33,203.33,100,87.5,20,25,62.5,195,100,20,25,62.5,207.5,75,20,25,0,120,25,20,25,37.5,107.5,0,0,0,0,0,0,0,0,0,0,0,0,-37.5,62.5,0,-4.17,20.83,58.33,50,25,-12.5,12.5,25,75,12.5,87.5,-12.5,8.33,95.83,83.33,0,0,20.83,75,88,172,2,7,59,4,135,149,1,83,54,1,7,59,4,16,15,2,313,114,63,44,20,241,125,107,313,120,37
144,ofnanezn,3,40,58.33,25,198.33,75,50,20,33.33,25,128.33,50,40,33.33,25,148.33,50,20,37.5,25,132.5,12.5,0,0,0,12.5,20,20,-20,20,40,20,37.5,-4.17,0,25,58.33,20.83,25,0,0,0,25,0,37.5,0,0,25,25,62.5,120,15.83,-20,70,185.83,65.83,40,58.33,25,62.5,8,1,2,22,7,2,14,6,2,0,0,0,0,0,0,14,6,2,22,29,0,0,0,29,13,16,22,109,11
145,macuestap,3,40,50,25,177.5,62.5,62.5,20,41.67,25,149.17,62.5,20,37.5,25,145,62.5,20,37.5,25,145,100,0,25,43.75,168.75,20,0,0,20,40,20,12.5,0,4.17,8.33,25,12.5,-18.75,0,0,0,-18.75,0,-37.5,0,0,0,0,-37.5,-23.75,0,4.17,28.33,8.75,32.5,40,25,-18.75,-37.5,0,0,5,0,0,5,8,6,2,1,7,1,0,0,0,9,13,2,9,90,0,52,0,142,88,49,9,150,33
146,spenas,3,20,33.33,0,115.83,62.5,62.5,20,33.33,0,115.83,62.5,20,33.33,0,115.83,62.5,20,33.33,0,115.83,50,20,58.33,0,128.33,0,0,0,0,0,0,-25,0,0,0,-25,0,0,0,0,0,0,0,12.5,0,0,0,0,12.5,-12.5,0,0,0,-12.5,0,0,-25,0,12.5,83,59,5,83,59,5,0,0,0,0,0,0,0,0,0,0,0,0,83,147,9,15,10,181,80,99,83,110,30
147,kgbayala528,3,80,50,81.25,298.75,87.5,62.5,60,45.83,75,243.33,62.5,60,54.17,75,251.67,50,40,33.33,0,123.33,50,20,37.5,0,107.5,20,20,0,20,60,40,-4.17,20.84,-8.34,4.17,12.5,16.67,0,75,0,6.25,81.25,81.25,0,12.5,0,25,37.5,37.5,15.83,128.34,-8.34,55.42,191.25,175.42,60,12.5,81.25,37.5,37,67,2,41,151,2,8,88,2,0,0,0,0,0,0,8,88,2,45,75,1,0,0,76,19,55,45,121,14
148,lgmoralesa,3,100,70.83,87.5,345.83,87.5,87.5,100,66.67,83.33,337.5,87.5,60,75,87.5,310,87.5,60,58.33,62.5,268.33,62.5,20,29.17,25,136.67,40,0,40,0,80,40,29.16,16.67,-8.33,4.16,41.66,12.5,37.5,25,-4.17,4.17,62.5,25,25,0,0,0,0,25,131.66,41.67,27.5,8.33,209.16,77.5,80,41.66,62.5,25,34,30,5,100,97,5,26,48,2,14,34,2,65,24,2,88,89,2,139,296,163,88,102,649,373,240,139,195,38
149,ronaldsg20,3,20,45.83,12.5,178.33,100,100,20,33.33,12.5,165.83,87.5,20,25,25,157.5,87.5,20,29.17,25,161.67,87.5,20,29.17,45.83,182.5,0,0,0,0,0,0,0,-4.17,8.33,12.5,16.66,16.66,-20.83,0,-12.5,0,-33.33,-12.5,0,0,12.5,0,12.5,12.5,-20.83,-4.17,8.33,12.5,-4.17,16.66,0,16.66,-33.33,12.5,0,0,0,27,70,8,20,91,6,37,70,11,3,0,2,27,70,8,60,24,58,9,12,103,28,62,60,132,18
150,cccristanchoc,3,20,33.33,56.25,197.08,87.5,62.5,20,33.33,0,115.83,50,20,33.33,0,103.33,50,20,33.33,0,103.33,25,20,29.17,0,74.17,0,0,0,0,0,0,4.16,0,0,0,4.16,0,0,0,0,56.25,56.25,56.25,25,0,12.5,25,37.5,62.5,29.16,0,12.5,81.25,122.91,93.75,0,4.16,56.25,62.5,0,0,0,99,182,3,0,0,0,0,0,0,16,15,2,2,38,5,16,192,18,38,48,296,85,198,16,111,32
151,jmalvarezd,3,80,75,93.75,348.75,100,87.5,60,70.83,0,218.33,87.5,100,87.5,0,275,87.5,40,45.83,25,198.33,62.5,100,79.17,87.5,329.17,-60,60,-40,20,-20,40,-33.34,41.67,-16.67,4.17,-4.17,29.17,-62.5,-25,0,93.75,6.25,68.75,25,0,0,12.5,12.5,37.5,-130.84,76.67,-56.67,130.42,19.58,150.42,-20,-4.17,6.25,37.5,55,85,2,62,110,3,5,10,2,0,0,0,11,24,2,16,34,3,71,271,58,18,0,347,4,343,71,96,3
152,smarquezo,3,20,33.33,57.5,185.83,75,62.5,20,29.17,0,111.67,62.5,20,29.17,0,111.67,62.5,20,29.17,0,111.67,50,20,29.17,0,99.17,0,0,0,0,0,0,0,0,0,4.16,4.16,4.16,0,0,0,57.5,57.5,57.5,12.5,0,0,12.5,12.5,25,12.5,0,0,74.16,86.66,74.16,0,4.16,57.5,25,5,74,1,27,610,1,0,0,0,94,263,1,26,371,1,94,608,1,125,206,35,66,177,484,354,92,125,81,38
153,sarizag,3,20,33.33,56.25,209.58,100,75,20,33.33,62.5,190.83,75,20,33.33,0,128.33,87.5,20,33.33,0,140.83,50,20,25,12.5,107.5,0,0,0,0,0,0,8.33,0,0,0,8.33,0,-12.5,0,62.5,-6.25,43.75,56.25,37.5,-12.5,0,25,12.5,50,33.33,-12.5,62.5,18.75,102.08,68.75,0,8.33,43.75,50,15,56,2,23,100,3,0,0,0,12,870,1,858,36,3,19,55,3,885,34,0,6,0,40,,40,885,103,
154,Chranium,3,20,25,0,95,50,50,20,25,0,95,50,20,25,0,95,62.5,20,25,0,107.5,0,20,25,0,45,0,0,0,0,0,0,0,0,0,0,0,0,0,0,0,0,0,0,62.5,-12.5,0,0,-12.5,50,62.5,-12.5,0,0,50,-12.5,0,0,0,50,1,37,1,0,0,0,0,0,0,0,0,0,0,0,0,5,5,1,1,84,0,0,7,91,48,40,1,85,29
155,DavidQP,3,80,70.83,83.33,284.17,50,50,80,66.67,75,271.67,50,20,54.17,0,124.17,50,20,50,0,120,37.5,20,54.17,0,111.67,0,0,60,0,60,60,-4.17,4.17,12.5,4.16,16.66,20.83,0,0,75,8.33,83.33,83.33,12.5,0,0,0,0,12.5,8.33,4.17,147.5,12.5,172.5,164.17,60,16.66,83.33,12.5,146,259,3,8,10,3,53,49,2,1,4,2,4,17,2,28,44,2,204,94,0,0,33,127,56,69,204,122,29
156,afceballosr,3,80,45.83,57.5,270.83,87.5,87.5,40,50,87.5,265,50,20,33.33,0,103.33,50,20,33.33,0,103.33,50,20,25,25,120,0,0,20,40,60,60,8.33,0,16.67,-4.17,20.83,12.5,-25,0,87.5,-30,32.5,57.5,0,0,37.5,0,37.5,37.5,-16.67,0,161.67,5.83,150.83,167.5,60,20.83,32.5,37.5,25,203,20,11,22,4,8,23,2,70,24,3,6,11,2,0,0,0,109,138,85,42,102,367,160,202,109,118,37
157,lizzyt10h,3,20,54.17,81.25,255.42,100,100,0,29.17,16.67,145.83,87.5,0,33.33,25,145.83,75,0,0,0,75,100,0,29.17,25,154.17,0,0,0,20,20,20,-29.17,33.33,-4.16,25,25,54.17,-25,25,-8.33,64.58,56.25,81.25,-25,12.5,12.5,0,25,0,-79.17,70.83,0,109.59,101.25,180.42,20,25,56.25,0,13,11,4,22,21,5,0,0,3,31,53,4,29,66,2,17,18,6,73,49,85,17,53,204,17,183,73,128,10
158,NicolasPrr,3,100,83.33,90,360.83,87.5,62.5,0,33.33,25,120.83,50,0,33.33,25,108.33,50,0,25,25,100,62.5,0,25,25,112.5,0,0,0,100,100,100,0,8.33,0,50,58.33,58.33,0,0,0,65,65,65,-12.5,0,12.5,25,37.5,25,-12.5,8.33,12.5,240,248.33,260.83,100,58.33,65,25,0,0,0,41,49,5,0,0,0,106,285,4,2,4,4,41,49,5,108,499,447,442,438,1826,821,978,108,119,38
159,jumcorredorro,3,100,62.5,75,325,87.5,87.5,80,58.33,79.17,305,87.5,80,75,87.5,330,87.5,80,54.17,87.5,309.17,62.5,40,33.33,50,185.83,40,0,0,20,60,20,20.84,20.83,-16.67,4.17,29.17,8.33,37.5,0,-8.33,-4.17,25,-12.5,25,0,0,0,0,25,123.34,20.83,-25,20,139.17,15.83,60,29.17,25,25,0,0,0,29,35,1,29,34,1,1,0,1,2,2,1,29,35,1,32,178,9,0,3,190,48,140,32,205,21
160,feartheGru,3,0,0,0,0,0,0,0,0,0,0,0,0,0,0,0,12.5,0,0,0,12.5,12.5,0,0,0,12.5,0,0,0,0,0,0,0,0,0,0,0,0,0,0,0,0,0,0,0,-12.5,0,0,-12.5,-12.5,0,-12.5,0,0,-12.5,-12.5,0,0,0,-12.5,6,79,2,0,0,0,0,0,0,0,0,0,0,0,0,6,234,2,6,0,0,0,0,0,,,6,,
161,Danielsv9207,3,0,0,0,0,0,0,0,0,0,0,0,0,0,0,0,12.5,0,0,0,12.5,50,0,0,0,50,0,0,0,0,0,0,0,0,0,0,0,0,0,0,0,0,0,0,-37.5,-12.5,0,0,-12.5,-50,-37.5,-12.5,0,0,-50,-12.5,0,0,0,-50,0,0,0,0,0,0,0,0,0,0,0,0,0,0,0,0,0,0,0,2,0,0,0,2,,2,0,,
162,JhonEmmanuelTorres,3,0,0,0,0,0,0,0,0,0,0,0,0,0,0,0,12.5,0,0,0,12.5,0,0,0,0,0,0,0,0,0,0,0,0,0,0,0,0,0,0,0,0,0,0,0,12.5,-12.5,0,0,-12.5,0,12.5,-12.5,0,0,0,-12.5,0,0,0,0,0,0,1,0,0,0,0,0,0,0,0,0,0,0,0,0,0,0,0,0,0,0,0,0,,,0,65,
163,janoguerab,0,0,0,0,0,0,0,0,0,0,0,0,0,0,0,0,0,0,0,0,0,0,0,0,0,0,0,0,0,0,0,0,0,0,0,0,0,0,0,0,0,0,0,0,0,0,0,0,0,0,0,0,0,0,0,0,0,0,0,0,0,0,0,0,0,0,0,0,0,0,0,0,0,0,0,0,0,0,0,0,2,0,0,2,2,,0,10,2