,Unnamed: 0,Student,phase,novelty,group,abs_perform_diff_best,user2,Q7_Q7_1,Q7_Q7_2,Q8_Q8_1,Q10,count,total,user-requirement,infovis,novelty_score,exploration,Group,len_unique,added_sum
0,1,wilson911013,1,0.0,3,250.84,wilson911013,0.0,1.0,2.0,1.0,1.0,90.83,20.0,33.33,0.0,0.0,3.0,0.0,0.0
2,5,lizzyt10h,1,0.4,3,175.0,lizzyt10h,2.0,1.0,5.0,2.0,7.0,75.0,0.0,0.0,0.0,0.0,3.0,4.0,0.0
3,6,AFelipeGA,1,0.4,3,291.67,AFelipeGA,4.0,3.0,5.0,2.0,3.0,152.5,40.0,37.5,0.0,0.0,3.0,4.0,0.0
4,7,wapiravaguens,1,0.4,3,90.0,wapiravaguens,0.0,1.0,4.0,2.0,1.0,192.5,80.0,50.0,0.0,0.0,3.0,4.0,0.0
5,8,capinzor,1,0.413793103448276,3,221.67,capinzor,0.0,0.0,2.0,2.0,0.0,120.0,20.0,25.0,0.0,0.0,3.0,20.0,0.0
6,9,lacardenasv,1,0.424657534246575,3,142.5,lacardenasv,1.0,2.0,5.0,4.0,2.0,264.17,60.0,54.17,87.5,0.7586206896551720,3.0,57.0,43.0
7,10,ncampuzano,1,0.428571428571429,3,237.5,ncampuzano,1.0,3.0,4.0,2.0,13.0,124.17,20.0,29.17,25.0,0.0714285714285714,3.0,41.0,2.0
8,11,afforeroc,1,0.428571428571429,3,263.34,afforeroc,1.0,4.0,3.0,2.0,0.0,103.33,20.0,33.33,0.0,0.0,3.0,7.0,0.0
9,12,adriel62,1,0.431372549019608,3,225.84,adriel62,1.0,3.0,5.0,2.0,2.0,203.33,20.0,33.33,62.5,0.75,3.0,40.0,30.0
10,13,spenas,1,0.444444444444444,3,200.84,spenas,5.0,4.0,6.0,1.0,1.0,115.83,20.0,33.33,0.0,0.8518518518518520,3.0,22.0,18.0
11,14,Chranium,1,0.5,3,284.17,Chranium,4.0,5.0,6.0,2.0,0.0,107.5,20.0,25.0,0.0,0.0,3.0,5.0,0.0
12,15,macuestap,1,0.545454545454545,3,160.42,macuestap,0.0,1.0,4.0,1.0,3.0,145.0,20.0,37.5,25.0,0.75,3.0,16.0,8.0
13,16,ofnanezn,1,0.590909090909091,3,316.67,ofnanezn,0.0,1.0,6.0,2.0,1.0,132.5,20.0,37.5,25.0,0.6,3.0,15.0,9.0
14,17,dagofonseca,1,0.592592592592593,3,271.67,dagofonseca,0.0,0.0,2.0,2.0,1.0,190.0,40.0,25.0,75.0,0.26086956521739100,3.0,19.0,2.0
15,18,davidh17,1,0.616438356164384,3,173.34,davidh17,3.0,3.0,5.0,3.0,0.0,245.83,100.0,58.33,25.0,0.627906976744186,3.0,43.0,27.0
16,19,DianaNavarrete,1,0.625,3,229.17,DianaNavarrete,0.0,1.0,5.0,2.0,1.0,128.33,20.0,58.33,0.0,0.5555555555555560,3.0,7.0,3.0
17,20,jumcorredorro,1,0.625,3,143.34,jumcorredorro,1.0,1.0,5.0,2.0,2.0,309.17,80.0,54.17,87.5,0.15384615384615400,3.0,39.0,6.0
18,21,lgmoralesa,1,0.630434782608696,3,192.5,lgmoralesa,2.0,2.0,4.0,3.0,5.0,268.33,60.0,58.33,62.5,0.4666666666666670,3.0,43.0,19.0
19,22,dduartec,1,0.666666666666667,3,287.5,dduartec,1.0,5.0,4.0,1.0,1.0,333.33,100.0,70.83,75.0,0.5128205128205130,3.0,39.0,20.0
20,23,smarquezo,1,0.666666666666667,3,230.0,smarquezo,0.0,0.0,2.0,0.0,1.0,111.67,20.0,29.17,0.0,0.5,3.0,4.0,2.0
21,24,juclopezso,1,0.666666666666667,3,259.17,juclopezso,1.0,3.0,3.0,2.0,1.0,111.67,20.0,29.17,0.0,0.8387096774193550,3.0,6.0,1.0
22,25,jmalvarezd,1,0.696428571428571,3,0.0,jmalvarezd,3.0,3.0,5.0,2.0,1.0,198.33,40.0,45.83,25.0,0.41509433962264200,3.0,52.0,21.0
23,26,lemartinp,1,0.708333333333333,3,270.84,lemartinp,0.0,0.0,4.0,1.0,2.0,131.67,40.0,29.17,0.0,0.4666666666666670,3.0,15.0,7.0
24,27,sarizag,1,0.710526315789474,3,221.67,sarizag,4.0,3.0,6.0,2.0,1.0,140.83,20.0,33.33,0.0,0.43333333333333300,3.0,29.0,12.0
25,28,afceballosr,1,0.719298245614035,3,209.17,afceballosr,1.0,3.0,5.0,2.0,1.0,103.33,20.0,33.33,0.0,0.6041666666666670,3.0,40.0,21.0
26,29,ronaldsg20,1,0.733333333333333,3,146.67,ronaldsg20,0.0,3.0,5.0,2.0,0.0,161.67,20.0,29.17,25.0,0.0,3.0,20.0,0.0
27,30,nfmorenog,1,0.745098039215686,3,225.0,nfmorenog,0.0,2.0,3.0,1.0,1.0,133.33,0.0,33.33,25.0,0.6590909090909090,3.0,43.0,28.0
28,31,NicolasPrr,1,0.75,3,216.67,NicolasPrr,3.0,4.0,3.0,2.0,0.0,100.0,0.0,25.0,25.0,0.0,3.0,20.0,0.0
29,32,DavidQP,1,0.75,3,217.5,DavidQP,2.0,3.0,4.0,3.0,1.0,120.0,20.0,50.0,0.0,0.9453125,3.0,13.0,6.0
30,33,oacastillol,1,0.769230769230769,3,237.5,oacastillol,2.0,1.0,5.0,1.0,1.0,116.67,0.0,29.17,25.0,0.5185185185185190,3.0,80.0,41.0
31,34,jscastelblancoh,1,0.80952380952381,3,127.5,jscastelblancoh,0.0,0.0,3.0,2.0,0.0,264.17,60.0,41.67,87.5,0.3529411764705880,3.0,34.0,12.0
32,35,kgbayala528,1,0.848214285714286,3,221.67,kgbayala528,1.0,5.0,6.0,2.0,1.0,123.33,40.0,33.33,0.0,0.0,3.0,96.0,0.0
33,36,cccristanchoc,1,0.866666666666667,3,255.0,cccristanchoc,1.0,1.0,4.0,1.0,1.0,103.33,20.0,33.33,0.0,0.2222222222222220,3.0,9.0,2.0
34,37,srmedinac,1,0.878378378378378,3,304.17,srmedinac,1.0,2.0,4.0,1.0,1.0,115.83,20.0,33.33,0.0,0.9351851851851850,3.0,57.0,50.0
35,38,jorge52an,1,0.925925925925926,3,230.0,jorge52an,4.0,4.0,5.0,2.0,0.0,187.5,0.0,25.0,87.5,0.8103448275862070,3.0,55.0,44.0
36,39,juligarji,1,0.942675159235669,3,167.5,juligarji,4.0,4.0,5.0,3.0,3.0,242.08,40.0,45.83,68.75,0.9051094890510950,3.0,134.0,121.0
37,40,mballeng91,1,0.968911917098446,3,329.17,mballeng91,2.0,6.0,6.0,2.0,1.0,100.0,0.0,25.0,25.0,0.06818181818181820,3.0,175.0,11.0
38,43,wilson911013,2,0.0,3,242.5,wilson911013,0.0,1.0,2.0,1.0,1.0,90.83,20.0,33.33,0.0,0.0,3.0,0.0,0.0
40,46,capinzor,2,0.391891891891892,3,213.33,capinzor,0.0,0.0,2.0,2.0,1.0,207.5,20.0,25.0,62.5,0.6774193548387100,3.0,62.0,42.0
41,47,wapiravaguens,2,0.4,3,140.83,wapiravaguens,0.0,1.0,4.0,2.0,1.0,192.5,80.0,50.0,0.0,0.0,3.0,4.0,0.0
42,48,AFelipeGA,2,0.4,3,180.83,AFelipeGA,4.0,3.0,5.0,2.0,0.0,152.5,40.0,37.5,0.0,0.0,3.0,4.0,0.0
43,49,afforeroc,2,0.428571428571429,3,230.0,afforeroc,1.0,4.0,3.0,2.0,0.0,103.33,20.0,33.33,0.0,0.0,3.0,7.0,0.0
44,50,adriel62,2,0.442307692307692,3,130.0,adriel62,1.0,3.0,5.0,2.0,2.0,190.83,20.0,33.33,62.5,0.0,3.0,40.0,0.0
45,51,ncampuzano,2,0.442307692307692,3,209.16,ncampuzano,1.0,3.0,4.0,2.0,8.0,116.67,0.0,29.17,25.0,0.0,3.0,41.0,0.0
46,52,spenas,2,0.444444444444444,3,217.5,spenas,5.0,4.0,6.0,1.0,0.0,115.83,20.0,33.33,0.0,0.0,3.0,22.0,0.0
47,53,lizzyt10h,2,0.5,3,258.33,lizzyt10h,2.0,1.0,5.0,2.0,3.0,145.83,0.0,33.33,25.0,0.6363636363636360,3.0,11.0,7.0
48,54,Chranium,2,0.5,3,225.83,Chranium,4.0,5.0,6.0,2.0,0.0,95.0,20.0,25.0,0.0,0.0,3.0,5.0,0.0
49,55,lacardenasv,2,0.605263157894737,3,69.16,lacardenasv,1.0,2.0,5.0,4.0,11.0,264.17,60.0,54.17,75.0,0.4576271186440680,3.0,34.0,2.0
50,56,DianaNavarrete,2,0.625,3,205.0,DianaNavarrete,0.0,1.0,5.0,2.0,0.0,147.5,60.0,50.0,0.0,0.0,3.0,7.0,0.0
51,57,smarquezo,2,0.666666666666667,3,221.66,smarquezo,0.0,0.0,2.0,0.0,1.0,111.67,20.0,29.17,0.0,0.0,3.0,4.0,0.0
52,58,sarizag,2,0.676470588235294,3,192.5,sarizag,4.0,3.0,6.0,2.0,1.0,128.33,20.0,33.33,0.0,0.0,3.0,29.0,0.0
53,59,macuestap,2,0.676470588235294,3,188.33,macuestap,0.0,1.0,4.0,1.0,1.0,145.0,20.0,37.5,25.0,0.0,3.0,16.0,0.0
54,60,jmalvarezd,2,0.686274509803922,3,135.0,jmalvarezd,3.0,3.0,5.0,2.0,2.0,275.0,100.0,87.5,0.0,0.03703703703703710,3.0,54.0,2.0
55,61,cccristanchoc,2,0.692307692307692,3,230.0,cccristanchoc,1.0,1.0,4.0,1.0,1.0,103.33,20.0,33.33,0.0,0.6428571428571430,3.0,10.0,5.0
56,62,juclopezso,2,0.7,3,221.66,juclopezso,1.0,3.0,3.0,2.0,1.0,111.67,20.0,29.17,0.0,0.0,3.0,6.0,0.0
57,63,DavidQP,2,0.72,3,213.33,DavidQP,2.0,3.0,4.0,3.0,1.0,124.17,20.0,54.17,0.0,0.33333333333333300,3.0,17.0,5.0
58,64,lgmoralesa,2,0.725806451612903,3,65.0,lgmoralesa,2.0,2.0,4.0,3.0,3.0,310.0,60.0,75.0,87.5,0.27118644067796600,3.0,59.0,16.0
59,65,ofnanezn,2,0.727272727272727,3,200.83,ofnanezn,0.0,1.0,6.0,2.0,1.0,148.33,40.0,33.33,25.0,0.0,3.0,15.0,0.0
60,66,davidh17,2,0.7375,3,87.5,davidh17,3.0,3.0,5.0,3.0,0.0,220.83,100.0,58.33,0.0,0.359375,3.0,62.0,21.0
61,67,nfmorenog,2,0.746987951807229,3,200.0,nfmorenog,0.0,2.0,3.0,1.0,2.0,133.33,0.0,33.33,25.0,0.17307692307692300,3.0,52.0,9.0
62,68,lemartinp,2,0.76,3,201.66,lemartinp,0.0,0.0,4.0,1.0,1.0,136.67,20.0,54.17,0.0,0.0,3.0,15.0,0.0
63,69,afceballosr,2,0.761194029850746,3,230.0,afceballosr,1.0,3.0,5.0,2.0,3.0,103.33,20.0,33.33,0.0,0.09090909090909090,3.0,44.0,4.0
64,70,NicolasPrr,2,0.772727272727273,3,233.33,NicolasPrr,3.0,4.0,3.0,2.0,1.0,108.33,0.0,33.33,25.0,0.0,3.0,20.0,0.0
65,71,oacastillol,2,0.774834437086093,3,216.66,oacastillol,2.0,1.0,5.0,1.0,2.0,120.83,0.0,33.33,25.0,0.47857142857142900,3.0,133.0,60.0
66,72,ronaldsg20,2,0.793103448275862,3,171.66,ronaldsg20,0.0,3.0,5.0,2.0,3.0,157.5,20.0,25.0,25.0,0.5121951219512200,3.0,41.0,21.0
67,73,kgbayala528,2,0.8203125,3,210.0,kgbayala528,1.0,5.0,6.0,2.0,1.0,251.67,60.0,54.17,75.0,0.11111111111111100,3.0,108.0,12.0
68,74,jumcorredorro,2,0.820512820512821,3,24.16,jumcorredorro,1.0,1.0,5.0,2.0,3.0,330.0,80.0,75.0,87.5,0.6464646464646460,3.0,95.0,60.0
69,75,jscastelblancoh,2,0.838709677419355,3,69.16,jscastelblancoh,0.0,0.0,3.0,2.0,9.0,230.83,60.0,33.33,62.5,0.5471698113207550,3.0,43.0,19.0
70,76,dduartec,2,0.857142857142857,3,0.0,dduartec,1.0,5.0,4.0,1.0,2.0,305.0,80.0,62.5,75.0,0.6285714285714290,3.0,105.0,66.0
71,77,srmedinac,2,0.890243902439024,3,217.5,srmedinac,1.0,2.0,4.0,1.0,1.0,115.83,20.0,33.33,0.0,0.0,3.0,57.0,0.0
72,78,dagofonseca,2,0.917562724014337,3,143.33,dagofonseca,0.0,0.0,2.0,2.0,2.0,227.5,40.0,37.5,100.0,0.9282868525896410,3.0,250.0,232.0
73,79,jorge52an,2,0.965317919075145,3,145.83,jorge52an,4.0,4.0,5.0,2.0,3.0,162.5,0.0,25.0,62.5,0.678082191780822,3.0,138.0,91.0
74,80,mballeng91,2,0.984375,3,233.33,mballeng91,2.0,6.0,6.0,2.0,1.0,100.0,0.0,25.0,25.0,0.0,3.0,175.0,0.0
75,81,juligarji,2,0.992436305732484,3,91.25,juligarji,4.0,4.0,5.0,3.0,14.0,203.33,20.0,33.33,62.5,0.9576069730586370,3.0,2497.0,2390.0
77,86,wapiravaguens,3,0.4,3,137.5,wapiravaguens,0.0,1.0,4.0,2.0,1.0,217.5,80.0,75.0,0.0,0.0,3.0,4.0,0.0
78,87,AFelipeGA,3,0.4,3,177.5,AFelipeGA,4.0,3.0,5.0,2.0,0.0,152.5,40.0,37.5,0.0,0.0,3.0,4.0,0.0
79,88,afforeroc,3,0.428571428571429,3,226.67,afforeroc,1.0,4.0,3.0,2.0,0.0,99.17,20.0,29.17,0.0,0.0,3.0,7.0,0.0
80,89,Chranium,3,0.5,3,235.0,Chranium,4.0,5.0,6.0,2.0,0.0,95.0,20.0,25.0,0.0,0.0,3.0,5.0,0.0
81,90,lizzyt10h,3,0.5,3,184.17,lizzyt10h,2.0,1.0,5.0,2.0,2.0,145.83,0.0,29.17,16.67,0.0,3.0,11.0,0.0
82,91,DianaNavarrete,3,0.625,3,182.5,DianaNavarrete,0.0,1.0,5.0,2.0,0.0,115.83,20.0,58.33,0.0,0.0,3.0,7.0,0.0
83,92,ncampuzano,3,0.652631578947369,3,213.33,ncampuzano,1.0,3.0,4.0,2.0,4.0,145.0,20.0,37.5,25.0,0.49295774647887300,3.0,66.0,30.0
84,93,NicolasPrr,3,0.657018813314038,3,221.67,NicolasPrr,3.0,4.0,3.0,2.0,3.0,120.83,0.0,33.33,25.0,0.9705014749262540,3.0,678.0,658.0
85,94,macuestap,3,0.666666666666667,3,185.0,macuestap,0.0,1.0,4.0,1.0,1.0,149.17,20.0,41.67,25.0,0.05882352941176470,3.0,17.0,1.0
86,95,lgmoralesa,3,0.679611650485437,3,20.0,lgmoralesa,2.0,2.0,4.0,3.0,3.0,337.5,100.0,66.67,83.33,0.20270270270270300,3.0,74.0,15.0
87,96,sarizag,3,0.694444444444444,3,201.67,sarizag,4.0,3.0,6.0,2.0,1.0,190.83,20.0,33.33,62.5,0.06451612903225810,3.0,31.0,2.0
88,97,lacardenasv,3,0.7,3,65.83,lacardenasv,1.0,2.0,5.0,4.0,11.0,260.0,60.0,37.5,75.0,0.6521739130434780,3.0,90.0,58.0
89,98,smarquezo,3,0.714285714285714,3,218.33,smarquezo,0.0,0.0,2.0,0.0,1.0,111.67,20.0,29.17,0.0,0.9130434782608700,3.0,21.0,19.0
90,99,jmalvarezd,3,0.716216216216216,3,55.0,jmalvarezd,3.0,3.0,5.0,2.0,1.0,218.33,60.0,70.83,0.0,0.0,3.0,54.0,0.0
91,100,lemartinp,3,0.735294117647059,3,193.33,lemartinp,0.0,0.0,4.0,1.0,1.0,300.83,80.0,58.33,75.0,0.42307692307692300,3.0,26.0,11.0
92,101,nfmorenog,3,0.752941176470588,3,196.67,nfmorenog,0.0,2.0,3.0,1.0,1.0,120.83,0.0,33.33,12.5,0.0,3.0,52.0,0.0
93,102,spenas,3,0.753846153846154,3,214.17,spenas,5.0,4.0,6.0,1.0,0.0,115.83,20.0,33.33,0.0,0.0,3.0,22.0,0.0
94,103,afceballosr,3,0.777777777777778,3,226.67,afceballosr,1.0,3.0,5.0,2.0,0.0,265.0,40.0,50.0,87.5,0.543859649122807,3.0,39.0,13.0
95,104,oacastillol,3,0.784810126582278,3,209.17,oacastillol,2.0,1.0,5.0,1.0,2.0,120.83,0.0,33.33,25.0,0.036231884057971100,3.0,138.0,5.0
96,105,davidh17,3,0.785046728971963,3,109.17,davidh17,3.0,3.0,5.0,3.0,0.0,75.0,0.0,0.0,0.0,0.3936170212765960,3.0,89.0,32.0
97,106,cccristanchoc,3,0.80952380952381,3,226.67,cccristanchoc,1.0,1.0,4.0,1.0,1.0,115.83,20.0,33.33,0.0,0.5263157894736840,3.0,18.0,9.0
98,107,juclopezso,3,0.810344827586207,3,218.33,juclopezso,1.0,3.0,3.0,2.0,1.0,151.67,60.0,29.17,0.0,0.8333333333333330,3.0,29.0,24.0
99,108,ofnanezn,3,0.813953488372093,3,181.67,ofnanezn,0.0,1.0,6.0,2.0,0.0,128.33,20.0,33.33,25.0,0.6,3.0,34.0,20.0
100,109,kgbayala528,3,0.823529411764706,3,78.33,kgbayala528,1.0,5.0,6.0,2.0,0.0,243.33,60.0,45.83,75.0,0.0,3.0,108.0,0.0
101,110,srmedinac,3,0.862068965517241,3,214.17,srmedinac,1.0,2.0,4.0,1.0,1.0,115.83,20.0,33.33,0.0,0.01754385964912290,3.0,56.0,0.0
102,111,DavidQP,3,0.863636363636364,3,205.83,DavidQP,2.0,3.0,4.0,3.0,1.0,271.67,80.0,66.67,75.0,0.7611940298507460,3.0,66.0,50.0
103,112,dduartec,3,0.864285714285714,3,25.0,dduartec,1.0,5.0,4.0,1.0,0.0,87.5,0.0,0.0,0.0,0.0,3.0,105.0,0.0
104,113,ronaldsg20,3,0.87603305785124,3,172.5,ronaldsg20,0.0,3.0,5.0,2.0,2.0,165.83,20.0,33.33,12.5,0.6168224299065420,3.0,107.0,66.0
105,114,wilson911013,3,0.888888888888889,3,239.17,wilson911013,0.0,1.0,2.0,1.0,1.0,82.5,20.0,25.0,0.0,1.0,3.0,3.0,3.0
106,115,jumcorredorro,3,0.893203883495146,3,0.0,jumcorredorro,1.0,1.0,5.0,2.0,1.0,305.0,80.0,58.33,79.17,0.4556213017751480,3.0,166.0,74.0
107,116,dagofonseca,3,0.912587412587413,3,102.5,dagofonseca,0.0,0.0,2.0,2.0,1.0,265.0,40.0,37.5,100.0,0.027237354085603100,3.0,257.0,7.0
108,117,jscastelblancoh,3,0.913636363636364,3,99.17,jscastelblancoh,0.0,0.0,3.0,2.0,13.0,316.67,100.0,66.67,75.0,0.770949720670391,3.0,177.0,136.0
109,118,jorge52an,3,0.955922865013774,3,167.5,jorge52an,4.0,4.0,5.0,2.0,8.0,243.33,60.0,33.33,75.0,0.5498281786941580,3.0,284.0,153.0
110,119,capinzor,3,0.96991946944576,3,122.5,capinzor,0.0,0.0,2.0,2.0,1.0,195.0,20.0,25.0,62.5,0.9676375404530750,3.0,1852.0,1792.0
111,120,adriel62,3,0.976890469027759,3,139.17,adriel62,1.0,3.0,5.0,2.0,9.0,210.83,40.0,33.33,50.0,0.9964050329538650,3.0,4985.0,4967.0
112,121,mballeng91,3,0.981481481481482,3,230.0,mballeng91,2.0,6.0,6.0,2.0,1.0,112.5,0.0,25.0,25.0,0.033333333333333300,3.0,179.0,5.0
113,122,juligarji,3,0.988493347716649,3,126.67,juligarji,4.0,4.0,5.0,3.0,7.0,358.33,100.0,70.83,87.5,0.03495145631067960,3.0,2563.0,78.0
114,126,wapiravaguens,4,0.4,3,140.83,wapiravaguens,0.0,1.0,4.0,2.0,1.0,327.5,80.0,75.0,72.5,0.0,3.0,4.0,0.0
115,127,AFelipeGA,4,0.4,3,205.83,AFelipeGA,4.0,3.0,5.0,2.0,0.0,221.25,40.0,37.5,56.25,0.0,3.0,4.0,0.0
116,128,afforeroc,4,0.428571428571429,3,259.16,afforeroc,1.0,4.0,3.0,2.0,0.0,161.67,20.0,29.17,50.0,0.0,3.0,7.0,0.0
117,129,Chranium,4,0.5,3,263.33,Chranium,4.0,5.0,6.0,2.0,0.0,95.0,20.0,25.0,0.0,0.0,3.0,5.0,0.0
118,130,smarquezo,4,0.5,3,246.66,smarquezo,0.0,0.0,2.0,0.0,1.0,185.83,20.0,33.33,57.5,0.671875,3.0,64.0,43.0
119,131,lizzyt10h,4,0.5,3,212.5,lizzyt10h,2.0,1.0,5.0,2.0,5.0,255.42,20.0,54.17,81.25,0.0,3.0,11.0,0.0
121,133,DianaNavarrete,4,0.625,3,242.5,DianaNavarrete,0.0,1.0,5.0,2.0,0.0,145.0,20.0,62.5,25.0,0.0,3.0,7.0,0.0
122,134,dagofonseca,4,0.650071123755334,3,93.33,dagofonseca,0.0,0.0,2.0,2.0,2.0,231.67,40.0,37.5,66.67,0.05166051660516600,3.0,271.0,14.0
123,135,macuestap,4,0.666666666666667,3,209.16,macuestap,0.0,1.0,4.0,1.0,0.0,177.5,40.0,50.0,25.0,0.0,3.0,17.0,0.0
124,136,jmalvarezd,4,0.75,3,140.0,jmalvarezd,3.0,3.0,5.0,2.0,2.0,348.75,80.0,75.0,93.75,0.054545454545454600,3.0,53.0,1.0
125,137,nfmorenog,4,0.752941176470588,3,237.5,nfmorenog,0.0,2.0,3.0,1.0,0.0,127.5,0.0,37.5,15.0,0.0,3.0,52.0,0.0
126,138,sarizag,4,0.760869565217391,3,167.5,sarizag,4.0,3.0,6.0,2.0,2.0,209.58,20.0,33.33,56.25,0.22500000000000000,3.0,40.0,9.0
127,139,lemartinp,4,0.787234042553192,3,57.5,lemartinp,0.0,0.0,4.0,1.0,1.0,329.17,100.0,54.17,87.5,0.0,3.0,26.0,0.0
128,140,afceballosr,4,0.795454545454545,3,93.33,afceballosr,1.0,3.0,5.0,2.0,1.0,270.83,80.0,45.83,57.5,0.0714285714285714,3.0,42.0,3.0
129,141,spenas,4,0.8,3,242.5,spenas,5.0,4.0,6.0,1.0,0.0,115.83,20.0,33.33,0.0,0.0,3.0,22.0,0.0
130,142,lgmoralesa,4,0.807228915662651,3,20.83,lgmoralesa,2.0,2.0,4.0,3.0,4.0,345.83,100.0,70.83,87.5,0.038961038961039000,3.0,77.0,3.0
131,143,NicolasPrr,4,0.816455696202532,3,237.5,NicolasPrr,3.0,4.0,3.0,2.0,1.0,360.83,100.0,83.33,90.0,0.814327485380117,3.0,133.0,6.0
132,144,davidh17,4,0.817518248175183,3,283.33,davidh17,3.0,3.0,5.0,3.0,0.0,209.58,20.0,45.83,56.25,0.011235955056179800,3.0,88.0,0.0
133,145,kgbayala528,4,0.823529411764706,3,115.0,kgbayala528,1.0,5.0,6.0,2.0,0.0,298.75,80.0,50.0,81.25,0.0,3.0,108.0,0.0
134,146,ronaldsg20,4,0.827586206896552,3,192.5,ronaldsg20,0.0,3.0,5.0,2.0,3.0,178.33,20.0,45.83,12.5,0.5289256198347110,3.0,71.0,14.0
135,147,juclopezso,4,0.833333333333333,3,206.66,juclopezso,1.0,3.0,3.0,2.0,1.0,278.75,60.0,50.0,81.25,0.033333333333333300,3.0,30.0,1.0
136,148,lacardenasv,4,0.836538461538462,3,98.33,lacardenasv,1.0,2.0,5.0,4.0,5.0,350.0,100.0,75.0,75.0,0.15555555555555600,3.0,76.0,0.0
137,149,ofnanezn,4,0.839285714285714,3,230.0,ofnanezn,0.0,1.0,6.0,2.0,0.0,198.33,40.0,58.33,25.0,0.0,3.0,34.0,0.0
138,150,jumcorredorro,4,0.851694915254237,3,53.33,jumcorredorro,1.0,1.0,5.0,2.0,1.0,325.0,100.0,62.5,75.0,0.08287292817679560,3.0,181.0,15.0
139,151,oacastillol,4,0.852173913043478,3,237.5,oacastillol,2.0,1.0,5.0,1.0,1.0,235.0,60.0,62.5,37.5,0.3963133640553000,3.0,210.0,79.0
140,152,DavidQP,4,0.852272727272727,3,86.66,DavidQP,2.0,3.0,4.0,3.0,1.0,284.17,80.0,70.83,83.33,0.16883116883116900,3.0,75.0,11.0
141,153,ncampuzano,4,0.857142857142857,3,213.33,ncampuzano,1.0,3.0,4.0,2.0,4.0,203.33,20.0,45.83,50.0,0.4854368932038840,3.0,90.0,37.0
142,154,adriel62,4,0.864253393665158,3,147.5,adriel62,1.0,3.0,5.0,2.0,7.0,301.67,80.0,66.67,67.5,0.9797779540047580,3.0,161.0,59.0
143,155,cccristanchoc,4,0.871794871794872,3,242.5,cccristanchoc,1.0,1.0,4.0,1.0,1.0,197.08,20.0,33.33,56.25,0.5135135135135140,3.0,37.0,19.0
144,156,srmedinac,4,0.884057971014493,3,242.5,srmedinac,1.0,2.0,4.0,1.0,0.0,128.33,20.0,33.33,0.0,0.0,3.0,56.0,0.0
145,157,wilson911013,4,0.888888888888889,3,275.83,wilson911013,0.0,1.0,2.0,1.0,0.0,75.0,0.0,25.0,0.0,0.0,3.0,3.0,0.0
146,158,jscastelblancoh,4,0.906882591093117,3,41.66,jscastelblancoh,0.0,0.0,3.0,2.0,8.0,358.33,100.0,83.33,100.0,0.10582010582010600,3.0,181.0,12.0
147,159,jorge52an,4,0.931937172774869,3,115.0,jorge52an,4.0,4.0,5.0,2.0,12.0,310.0,100.0,50.0,60.0,0.14197530864197500,3.0,318.0,40.0
148,160,capinzor,4,0.964725184577523,3,163.33,capinzor,0.0,0.0,2.0,2.0,6.0,203.33,20.0,25.0,58.33,0.013963480128893700,3.0,1846.0,10.0
149,161,dduartec,4,0.969512195121951,3,270.83,dduartec,1.0,5.0,4.0,1.0,1.0,345.83,80.0,83.33,95.0,0.9550898203592820,3.0,2338.0,2233.0
150,162,juligarji,4,0.970410065237652,3,0.0,juligarji,4.0,4.0,5.0,3.0,2.0,355.0,100.0,75.0,92.5,0.006993006993006980,3.0,2567.0,11.0
151,163,mballeng91,4,0.985294117647059,3,245.83,mballeng91,2.0,6.0,6.0,2.0,1.0,112.5,0.0,25.0,25.0,0.0,3.0,179.0,0.0
152,164,crarojasca,1,0.0,2,215.0,crarojasca,1.0,3.0,5.0,2.0,0.0,57.5,20.0,25.0,0.0,0.0,2.0,0.0,0.0
153,165,ccvacad,1,0.0,2,260.0,ccvacad,1.0,0.0,4.0,2.0,0.0,12.5,0.0,0.0,0.0,0.0,2.0,0.0,0.0
154,166,jjmuesesq,1,0.0,2,177.5,jjmuesesq,0.0,3.0,2.0,2.0,1.0,186.67,20.0,29.17,87.5,0.0,2.0,3.0,0.0
155,167,CSebasGomez,1,0.0,2,260.0,CSebasGomez,3.0,3.0,5.0,2.0,0.0,12.5,0.0,0.0,0.0,0.0,2.0,0.0,0.0
156,168,mdbelloc,1,0.303030303030303,2,168.33,mdbelloc,1.0,3.0,2.0,2.0,1.0,125.0,0.0,25.0,25.0,0.0,2.0,53.0,0.0
157,169,jhonsd1996,1,0.333333333333333,2,160.0,jhonsd1996,3.0,4.0,4.0,2.0,1.0,75.0,0.0,0.0,0.0,0.6,2.0,5.0,3.0
158,170,diegocruz10,1,0.34375,2,169.17,diegocruz10,3.0,3.0,3.0,1.0,1.0,128.33,20.0,58.33,0.0,0.10169491525423700,2.0,53.0,0.0
159,171,luealfonsoru,1,0.375,2,105.83,luealfonsoru,3.0,4.0,4.0,2.0,9.0,137.5,0.0,25.0,25.0,0.6666666666666670,2.0,84.0,55.0
160,172,Phoenixest,1,0.4,2,185.83,Phoenixest,0.0,1.0,3.0,1.0,0.0,111.67,20.0,29.17,25.0,0.0,2.0,5.0,0.0
161,173,sagilm,1,0.4,2,210.0,sagilm,0.0,0.0,3.0,1.0,1.0,70.83,0.0,33.33,0.0,0.4,2.0,5.0,2.0
162,174,leguzman,1,0.408450704225352,2,106.67,leguzman,0.0,2.0,5.0,2.0,8.0,244.17,40.0,41.67,75.0,0.8059701492537310,2.0,60.0,47.0
163,175,JulianaNino,1,0.5,2,205.83,JulianaNino,1.0,1.0,3.0,1.0,1.0,91.67,0.0,29.17,0.0,0.56,2.0,25.0,14.0
164,176,cesarochoa2006,1,0.5375,2,173.33,cesarochoa2006,0.0,1.0,6.0,0.0,4.0,255.83,60.0,45.83,87.5,0.765625,2.0,64.0,49.0
165,177,oserasoa,1,0.553846153846154,2,205.83,oserasoa,4.0,3.0,3.0,1.0,1.0,95.83,0.0,33.33,25.0,0.4,2.0,35.0,14.0
166,178,luegilca,1,0.609756097560976,2,130.83,luegilca,0.0,1.0,6.0,2.0,0.0,112.5,0.0,25.0,25.0,0.0,2.0,33.0,0.0
167,179,joaortizro,1,0.62962962962963,2,152.5,joaortizro,0.0,2.0,2.0,1.0,1.0,268.33,60.0,33.33,87.5,0.5,2.0,11.0,4.0
168,180,kmendezp96,1,0.648648648648649,2,74.17,kmendezp96,1.0,5.0,6.0,1.0,1.0,210.83,40.0,33.33,62.5,0.0,2.0,67.0,0.0
169,181,jucjimenezmo,1,0.666666666666667,2,247.5,jucjimenezmo,0.0,0.0,3.0,2.0,1.0,99.17,20.0,29.17,0.0,1.0,2.0,9.0,9.0
170,182,HashNick,1,0.666666666666667,2,260.0,HashNick,1.0,3.0,5.0,3.0,0.0,108.33,0.0,33.33,25.0,0.27450980392156900,2.0,51.0,14.0
171,183,ykchautai,1,0.695652173913044,2,98.33,ykchautai,4.0,4.0,4.0,1.0,1.0,120.0,20.0,37.5,0.0,0.625,2.0,15.0,9.0
172,184,Davsatu313,1,0.702702702702703,2,52.5,Davsatu313,0.0,3.0,5.0,2.0,2.0,236.67,20.0,54.17,75.0,0.03703703703703710,2.0,27.0,1.0
173,185,kancas,1,0.706896551724138,2,222.5,kancas,0.0,0.0,5.0,2.0,1.0,243.33,60.0,33.33,87.5,0.4285714285714290,2.0,42.0,18.0
174,186,Yelis3,1,0.714285714285714,2,28.33,Yelis3,1.0,4.0,6.0,3.0,1.0,211.67,20.0,41.67,62.5,0.8333333333333330,2.0,39.0,32.0
175,187,jusherrerama,1,0.714285714285714,2,177.5,,,,,,0.0,161.67,20.0,29.17,50.0,0.0,2.0,16.0,0.0
176,188,Gantiva,1,0.727272727272727,2,144.17,Gantiva,2.0,4.0,3.0,2.0,1.0,133.33,0.0,33.33,25.0,0.631578947368421,2.0,37.0,23.0
177,189,juasmartinezbel,1,0.739837398373984,2,8.33000000000001,juasmartinezbel,0.0,5.0,5.0,2.0,1.0,296.67,80.0,54.17,87.5,0.3362068965517240,2.0,102.0,25.0
178,190,jhriverasa,1,0.769230769230769,2,117.08,jhriverasa,1.0,3.0,2.0,2.0,1.0,224.17,20.0,29.17,87.5,0.20833333333333300,2.0,24.0,5.0
179,191,davidrh195,1,0.777777777777778,2,260.0,davidrh195,3.0,3.0,5.0,1.0,2.0,120.0,20.0,25.0,0.0,0.2941176470588240,2.0,17.0,5.0
180,192,jscontrerasp,1,0.789473684210526,2,260.0,jscontrerasp,1.0,1.0,4.0,0.0,2.0,0.0,0.0,0.0,0.0,0.7727272727272730,2.0,22.0,17.0
181,193,bdvegat,1,0.790322580645161,2,260.0,bdvegat,1.0,2.0,4.0,1.0,0.0,95.0,20.0,25.0,0.0,0.6805555555555560,2.0,49.0,26.0
182,194,Dandarprox,1,0.813333333333333,2,154.58,Dandarprox,0.0,1.0,4.0,2.0,1.0,135.83,40.0,33.33,0.0,0.5671641791044780,2.0,63.0,34.0
183,195,ligibrial,1,0.818181818181818,2,126.67,ligibrial,1.0,5.0,3.0,2.0,2.0,108.33,0.0,33.33,25.0,0.21052631578947400,2.0,19.0,4.0
184,196,fabianr23,1,0.861538461538462,2,55.0,fabianr23,5.0,4.0,5.0,2.0,2.0,330.0,80.0,62.5,87.5,0.5833333333333330,2.0,48.0,28.0
185,197,raulramirezp,1,0.912568306010929,2,260.0,raulramirezp,1.0,2.0,5.0,2.0,2.0,219.17,40.0,29.17,75.0,0.9870967741935480,2.0,153.0,151.0
186,198,xdanielsb,1,0.930555555555556,2,0.0,xdanielsb,3.0,3.0,3.0,2.0,0.0,87.5,0.0,25.0,0.0,0.13829787234042600,2.0,185.0,23.0
187,199,begarzonf,1,0.948164146868251,2,102.5,begarzonf,2.0,3.0,4.0,2.0,1.0,107.5,20.0,25.0,0.0,0.9714285714285710,2.0,420.0,408.0
188,200,lsfinite,1,0.980307576894224,2,197.5,lsfinite,1.0,1.0,6.0,3.0,6.0,100.0,0.0,25.0,25.0,0.9985549132947980,2.0,4842.0,4835.0
189,201,idrojasf,1,0.980922098569157,2,52.5,idrojasf,1.0,1.0,4.0,4.0,2.0,168.33,60.0,45.83,25.0,0.0,2.0,595.0,0.0
190,202,jhcardenasa,1,0.982155603140614,2,260.0,jhcardenasa,4.0,4.0,5.0,3.0,0.0,12.5,0.0,0.0,0.0,0.9977846699158180,2.0,2257.0,2252.0
191,203,JuanitoAli,1,0.983086680761099,2,160.0,JuanitoAli,1.0,1.0,5.0,2.0,4.0,284.17,80.0,54.17,87.5,0.9930283224400870,2.0,2291.0,2275.0
192,204,debeltranc,1,0.994535519125683,2,97.5,debeltranc,1.0,4.0,4.0,1.0,9.0,75.0,0.0,25.0,0.0,0.5681818181818180,2.0,19.0,0.0
193,205,CSebasGomez,2,0.0,2,317.5,CSebasGomez,3.0,3.0,5.0,2.0,0.0,0.0,0.0,0.0,0.0,0.0,2.0,0.0,0.0
194,206,ccvacad,2,0.0,2,317.5,ccvacad,1.0,0.0,4.0,2.0,0.0,0.0,0.0,0.0,0.0,0.0,2.0,0.0,0.0
195,207,crarojasca,2,0.0,2,272.5,crarojasca,1.0,3.0,5.0,2.0,0.0,45.0,20.0,25.0,0.0,0.0,2.0,0.0,0.0
196,208,jhcardenasa,2,0.0234680573663625,2,317.5,jhcardenasa,4.0,4.0,5.0,3.0,0.0,0.0,0.0,0.0,0.0,0.0,2.0,2257.0,0.0
197,209,JuanitoAli,2,0.0356223175965665,2,45.83,JuanitoAli,1.0,1.0,5.0,2.0,11.0,255.0,80.0,54.17,58.33,0.021030042918454900,2.0,2320.0,39.0
198,210,mdbelloc,2,0.34375,2,205.0,mdbelloc,1.0,3.0,2.0,2.0,0.0,133.33,0.0,33.33,25.0,0.0,2.0,53.0,0.0
199,211,diegocruz10,2,0.34375,2,201.67,diegocruz10,3.0,3.0,3.0,1.0,1.0,111.67,20.0,54.17,0.0,0.0,2.0,53.0,0.0
200,212,jjmuesesq,2,0.4,2,143.33,jjmuesesq,0.0,3.0,2.0,2.0,1.0,79.17,0.0,29.17,0.0,0.0,2.0,3.0,0.0
201,213,Phoenixest,2,0.4,2,218.33,Phoenixest,0.0,1.0,3.0,1.0,0.0,95.0,20.0,25.0,25.0,0.0,2.0,5.0,0.0
202,214,jhonsd1996,2,0.4,2,255.0,jhonsd1996,3.0,4.0,4.0,2.0,0.0,153.33,20.0,58.33,0.0,0.0,2.0,5.0,0.0
203,215,luealfonsoru,2,0.430232558139535,2,192.5,luealfonsoru,3.0,4.0,4.0,2.0,1.0,145.83,0.0,33.33,25.0,0.023809523809523800,2.0,82.0,0.0
204,216,leguzman,2,0.584158415841584,2,85.83,leguzman,0.0,2.0,5.0,2.0,2.0,150.0,0.0,37.5,25.0,0.3695652173913040,2.0,90.0,32.0
205,217,oserasoa,2,0.585714285714286,2,234.17,oserasoa,4.0,3.0,3.0,1.0,2.0,124.17,20.0,41.67,25.0,0.276595744680851,2.0,46.0,12.0
206,218,ykchautai,2,0.59375,2,210.0,ykchautai,4.0,4.0,4.0,1.0,2.0,195.0,20.0,37.5,62.5,0.34782608695652200,2.0,23.0,8.0
207,219,kancas,2,0.625,2,86.67,kancas,0.0,0.0,5.0,2.0,0.0,230.83,60.0,33.33,75.0,0.0,2.0,42.0,0.0
208,220,sagilm,2,0.634146341463415,2,259.17,sagilm,0.0,0.0,3.0,1.0,1.0,145.83,0.0,33.33,62.5,0.7619047619047620,2.0,21.0,16.0
209,221,luegilca,2,0.64,2,217.5,luegilca,0.0,1.0,6.0,2.0,0.0,120.83,0.0,33.33,25.0,0.0,2.0,33.0,0.0
210,222,joaortizro,2,0.64,2,61.67,joaortizro,0.0,2.0,2.0,1.0,1.0,305.0,80.0,50.0,87.5,0.42105263157894700,2.0,19.0,8.0
211,223,cesarochoa2006,2,0.650793650793651,2,74.17,cesarochoa2006,0.0,1.0,6.0,0.0,4.0,276.67,60.0,41.67,87.5,0.4181818181818180,2.0,110.0,46.0
212,224,jucjimenezmo,2,0.666666666666667,2,230.83,jucjimenezmo,0.0,0.0,3.0,2.0,1.0,100.33,20.0,33.33,0.0,0.0,2.0,9.0,0.0
213,225,kmendezp96,2,0.670886075949367,2,119.17,kmendezp96,1.0,5.0,6.0,1.0,1.0,235.83,40.0,45.83,75.0,0.06944444444444440,2.0,72.0,5.0
214,226,Davsatu313,2,0.75609756097561,2,93.33,Davsatu313,0.0,3.0,5.0,2.0,1.0,320.83,100.0,58.33,75.0,0.4418604651162790,2.0,40.0,16.0
215,227,jusherrerama,2,0.763157894736842,2,168.33,,,,,,1.0,120.0,20.0,37.5,0.0,0.2727272727272730,2.0,22.0,6.0
216,228,HashNick,2,0.764044943820225,2,221.67,HashNick,1.0,3.0,5.0,3.0,0.0,103.33,20.0,45.83,0.0,0.3589743589743590,2.0,77.0,27.0
217,229,ligibrial,2,0.766666666666667,2,221.67,ligibrial,1.0,5.0,3.0,2.0,2.0,120.83,0.0,33.33,25.0,0.33333333333333300,2.0,26.0,8.0
218,230,jhriverasa,2,0.774193548387097,2,105.83,jhriverasa,1.0,3.0,2.0,2.0,5.0,312.5,100.0,50.0,75.0,0.11111111111111100,2.0,27.0,3.0
219,231,davidrh195,2,0.777777777777778,2,210.0,davidrh195,3.0,3.0,5.0,1.0,3.0,107.5,20.0,25.0,0.0,0.0,2.0,17.0,0.0
220,232,JulianaNino,2,0.780487804878049,2,238.33,JulianaNino,1.0,1.0,3.0,1.0,1.0,124.17,20.0,29.17,0.0,0.2647058823529410,2.0,34.0,9.0
221,233,juasmartinezbel,2,0.781818181818182,2,33.33,juasmartinezbel,0.0,5.0,5.0,2.0,1.0,293.33,60.0,70.83,87.5,0.276595744680851,2.0,141.0,39.0
222,234,bdvegat,2,0.790322580645161,2,235.0,bdvegat,1.0,2.0,4.0,1.0,2.0,95.0,20.0,25.0,0.0,0.020408163265306100,2.0,48.0,0.0
223,235,jscontrerasp,2,0.796296296296296,2,330.0,jscontrerasp,1.0,1.0,4.0,0.0,1.0,0.0,0.0,0.0,0.0,0.48484848484848500,2.0,28.0,11.0
224,236,Gantiva,2,0.8,2,196.67,Gantiva,2.0,4.0,3.0,2.0,3.0,229.17,100.0,66.67,0.0,0.25531914893617000,2.0,45.0,10.0
225,237,Dandarprox,2,0.847619047619048,2,194.17,Dandarprox,0.0,1.0,4.0,2.0,1.0,135.83,40.0,33.33,0.0,0.2906976744186050,2.0,84.0,23.0
226,238,Yelis3,2,0.885714285714286,2,118.33,Yelis3,1.0,4.0,6.0,3.0,4.0,268.33,60.0,45.83,75.0,0.7933333333333330,2.0,142.0,111.0
227,239,fabianr23,2,0.88659793814433,2,0.0,fabianr23,5.0,4.0,5.0,2.0,4.0,358.33,100.0,70.83,87.5,0.426829268292683,2.0,81.0,34.0
228,240,raulramirezp,2,0.932432432432433,2,110.83,raulramirezp,1.0,2.0,5.0,2.0,3.0,223.33,40.0,33.33,75.0,0.0,2.0,153.0,0.0
229,241,xdanielsb,2,0.932489451476793,2,242.5,xdanielsb,3.0,3.0,3.0,2.0,0.0,75.0,0.0,25.0,0.0,0.24186046511627900,2.0,193.0,30.0
230,242,begarzonf,2,0.942796610169492,2,222.5,begarzonf,2.0,3.0,4.0,2.0,1.0,174.17,20.0,29.17,62.5,0.02777777777777780,2.0,432.0,12.0
231,243,idrojasf,2,0.958217270194986,2,161.67,idrojasf,1.0,1.0,4.0,4.0,1.0,155.83,60.0,58.33,0.0,0.0,2.0,595.0,0.0
232,244,lsfinite,2,0.975501432664756,2,230.0,lsfinite,1.0,1.0,6.0,3.0,7.0,100.0,0.0,25.0,25.0,0.0037037037037036500,2.0,4860.0,18.0
233,245,debeltranc,2,0.99009900990099,2,255.0,debeltranc,1.0,4.0,4.0,1.0,1.0,100.0,0.0,25.0,25.0,0.0,2.0,19.0,0.0
234,246,crarojasca,3,0.0,2,313.33,crarojasca,1.0,3.0,5.0,2.0,0.0,45.0,20.0,25.0,0.0,0.0,2.0,0.0,0.0
235,247,CSebasGomez,3,0.0,2,358.33,CSebasGomez,3.0,3.0,5.0,2.0,0.0,0.0,0.0,0.0,0.0,0.0,2.0,0.0,0.0
236,248,JuanitoAli,3,0.0570469798657718,2,103.33,JuanitoAli,1.0,1.0,5.0,2.0,23.0,325.0,100.0,75.0,87.5,0.06311881188118810,2.0,2375.0,104.0
237,249,diegocruz10,3,0.303030303030303,2,246.66,diegocruz10,3.0,3.0,3.0,1.0,0.0,106.67,40.0,29.17,0.0,0.10169491525423700,2.0,59.0,6.0
238,250,mdbelloc,3,0.34375,2,225.0,mdbelloc,1.0,3.0,2.0,2.0,0.0,129.17,0.0,29.17,25.0,0.0,2.0,53.0,0.0
239,251,jhonsd1996,3,0.4,2,205.0,jhonsd1996,3.0,4.0,4.0,2.0,0.0,157.5,20.0,62.5,0.0,0.0,2.0,5.0,0.0
240,252,Phoenixest,3,0.4,2,263.33,Phoenixest,0.0,1.0,3.0,1.0,0.0,95.0,20.0,25.0,25.0,0.0,2.0,5.0,0.0
241,253,jucjimenezmo,3,0.444444444444444,2,258.0,jucjimenezmo,0.0,0.0,3.0,2.0,1.0,203.33,20.0,33.33,75.0,0.847457627118644,2.0,59.0,50.0
242,254,luealfonsoru,3,0.449438202247191,2,212.5,luealfonsoru,3.0,4.0,4.0,2.0,1.0,137.5,0.0,25.0,25.0,0.03529411764705880,2.0,85.0,3.0
243,255,oserasoa,3,0.585714285714286,2,234.16,oserasoa,4.0,3.0,3.0,1.0,0.0,115.83,20.0,33.33,25.0,0.0,2.0,46.0,0.0
244,256,leguzman,3,0.621621621621622,2,208.33,leguzman,0.0,2.0,5.0,2.0,4.0,290.0,40.0,62.5,87.5,0.25688073394495400,2.0,100.0,19.0
245,257,sagilm,3,0.63265306122449,2,212.5,sagilm,0.0,0.0,3.0,1.0,1.0,150.0,0.0,37.5,62.5,0.0,2.0,21.0,0.0
246,258,ykchautai,3,0.638888888888889,2,163.33,ykchautai,4.0,4.0,4.0,1.0,1.0,199.17,20.0,41.67,62.5,0.08695652173913050,2.0,21.0,0.0
247,259,jscontrerasp,3,0.657894736842105,2,358.33,jscontrerasp,1.0,1.0,4.0,0.0,1.0,0.0,0.0,0.0,0.0,0.19354838709677400,2.0,28.0,3.0
248,260,kancas,3,0.666666666666667,2,127.5,kancas,0.0,0.0,5.0,2.0,0.0,206.67,40.0,29.17,75.0,0.0,2.0,42.0,0.0
249,261,luegilca,3,0.670886075949367,2,237.5,luegilca,0.0,1.0,6.0,2.0,0.0,116.67,0.0,29.17,25.0,0.0,2.0,33.0,0.0
250,262,jhcardenasa,3,0.696969696969697,2,358.33,jhcardenasa,4.0,4.0,5.0,3.0,0.0,0.0,0.0,0.0,0.0,0.9960264900662250,2.0,17.0,8.0
251,263,joaortizro,3,0.727272727272727,2,53.33,joaortizro,0.0,2.0,2.0,1.0,0.0,280.0,80.0,50.0,62.5,0.0,2.0,19.0,0.0
252,264,JulianaNino,3,0.72972972972973,2,234.16,JulianaNino,1.0,1.0,3.0,1.0,1.0,124.17,20.0,29.17,0.0,0.3142857142857140,2.0,25.0,1.0
253,265,kmendezp96,3,0.742574257425743,2,122.5,kmendezp96,1.0,5.0,6.0,1.0,1.0,206.67,40.0,45.83,58.33,0.23404255319148900,2.0,94.0,22.0
254,266,ligibrial,3,0.756756756756757,2,237.5,ligibrial,1.0,5.0,3.0,2.0,1.0,108.33,0.0,33.33,12.5,0.03703703703703710,2.0,27.0,1.0
255,267,ccvacad,3,0.77319587628866,2,358.33,ccvacad,1.0,0.0,4.0,2.0,1.0,0.0,0.0,0.0,0.0,1.0,2.0,73.0,73.0
256,268,jjmuesesq,3,0.777777777777778,2,279.16,jjmuesesq,0.0,3.0,2.0,2.0,2.0,107.5,20.0,25.0,0.0,0.7857142857142860,2.0,14.0,11.0
257,269,Davsatu313,3,0.795918367346939,2,37.5,Davsatu313,0.0,3.0,5.0,2.0,2.0,300.83,80.0,62.5,70.83,0.0,2.0,40.0,0.0
258,270,Yelis3,3,0.800766283524904,2,90.0,Yelis3,1.0,4.0,6.0,3.0,3.0,234.17,80.0,66.67,0.0,0.5055762081784390,2.0,260.0,127.0
259,271,jusherrerama,3,0.808510638297872,2,238.33,,,,,,0.0,107.5,20.0,25.0,0.0,0.0,2.0,22.0,0.0
260,272,davidrh195,3,0.80952380952381,2,250.83,davidrh195,3.0,3.0,5.0,1.0,0.0,107.5,20.0,25.0,0.0,0.31818181818181800,2.0,20.0,5.0
261,273,Gantiva,3,0.815789473684211,2,129.16,Gantiva,2.0,4.0,3.0,2.0,1.0,237.5,100.0,75.0,0.0,0.11764705882352900,2.0,51.0,6.0
262,274,juasmartinezbel,3,0.823293172690763,2,65.0,juasmartinezbel,0.0,5.0,5.0,2.0,1.0,320.83,100.0,58.33,87.5,0.3054187192118230,2.0,203.0,62.0
263,275,Dandarprox,3,0.837837837837838,2,222.5,Dandarprox,0.0,1.0,4.0,2.0,2.0,213.33,80.0,58.33,0.0,0.303030303030303,2.0,84.0,15.0
264,276,cesarochoa2006,3,0.843881856540084,2,81.66,cesarochoa2006,0.0,1.0,6.0,0.0,12.0,283.96,60.0,58.33,78.13,0.5445544554455450,2.0,184.0,92.0
265,277,HashNick,3,0.845070422535211,2,255.0,HashNick,1.0,3.0,5.0,3.0,0.0,131.67,40.0,54.17,0.0,0.5819209039548020,2.0,174.0,100.0
266,278,jhriverasa,3,0.879032258064516,2,45.83,jhriverasa,1.0,3.0,2.0,2.0,10.0,333.33,100.0,70.83,87.5,0.7032967032967030,2.0,91.0,64.0
267,279,raulramirezp,3,0.901587301587302,2,135.0,raulramirezp,1.0,2.0,5.0,2.0,5.0,148.33,40.0,33.33,0.0,0.4147286821705430,2.0,256.0,105.0
268,280,fabianr23,3,0.92018779342723,2,0.0,fabianr23,5.0,4.0,5.0,2.0,3.0,358.33,100.0,70.83,87.5,0.5775401069518720,2.0,185.0,106.0
269,281,xdanielsb,3,0.933962264150943,2,283.33,xdanielsb,3.0,3.0,3.0,2.0,0.0,75.0,0.0,25.0,0.0,0.21940928270042200,2.0,229.0,44.0
270,282,begarzonf,3,0.943396226415094,2,184.16,begarzonf,2.0,3.0,4.0,2.0,0.0,215.0,40.0,25.0,75.0,0.0,2.0,432.0,0.0
271,283,idrojasf,3,0.95391061452514,2,202.5,idrojasf,1.0,1.0,4.0,4.0,0.0,153.33,20.0,58.33,0.0,0.00836120401337792,2.0,596.0,3.0
272,284,bdvegat,3,0.958509354254677,2,263.33,bdvegat,1.0,2.0,4.0,1.0,0.0,95.0,20.0,25.0,0.0,0.98,2.0,2043.0,2002.0
273,285,lsfinite,3,0.975024975024975,2,258.33,lsfinite,1.0,1.0,6.0,3.0,0.0,0.0,0.0,0.0,0.0,0.0016443987667009700,2.0,4862.0,5.0
274,286,debeltranc,3,0.990476190476191,2,258.33,debeltranc,1.0,4.0,4.0,1.0,1.0,100.0,0.0,25.0,25.0,0.0,2.0,19.0,0.0
275,287,crarojasca,4,0.0,2,313.33,crarojasca,1.0,3.0,5.0,2.0,0.0,45.0,20.0,25.0,0.0,0.0,2.0,0.0,0.0
276,288,CSebasGomez,4,0.0,2,358.33,CSebasGomez,3.0,3.0,5.0,2.0,0.0,0.0,0.0,0.0,0.0,0.0,2.0,0.0,0.0
277,289,kmendezp96,4,0.0868506493506493,2,151.66,kmendezp96,1.0,5.0,6.0,1.0,3.0,304.79,60.0,79.17,65.63,0.9615877080665810,2.0,2339.0,2249.0
278,290,diegocruz10,4,0.303030303030303,2,251.66,diegocruz10,3.0,3.0,3.0,1.0,0.0,128.33,20.0,45.83,25.0,0.0,2.0,59.0,0.0
279,291,mdbelloc,4,0.303030303030303,2,229.16,mdbelloc,1.0,3.0,2.0,2.0,0.0,137.5,0.0,37.5,25.0,0.0,2.0,53.0,0.0
280,292,sagilm,4,0.410714285714286,2,208.33,sagilm,0.0,0.0,3.0,1.0,1.0,178.33,20.0,33.33,62.5,0.45945945945945900,2.0,36.0,16.0
281,293,luealfonsoru,4,0.417582417582418,2,220.83,luealfonsoru,3.0,4.0,4.0,2.0,0.0,158.33,0.0,45.83,25.0,0.0,2.0,85.0,0.0
282,294,jucjimenezmo,4,0.480519480519481,2,155.0,jucjimenezmo,0.0,0.0,3.0,2.0,1.0,187.5,0.0,25.0,62.5,0.078125,2.0,64.0,5.0
283,295,jhonsd1996,4,0.571428571428571,2,200.83,jhonsd1996,3.0,4.0,4.0,2.0,0.0,174.17,20.0,54.17,25.0,0.0,2.0,5.0,0.0
284,296,Phoenixest,4,0.571428571428571,2,263.33,Phoenixest,0.0,1.0,3.0,1.0,0.0,75.0,0.0,25.0,25.0,0.0,2.0,5.0,0.0
285,297,oserasoa,4,0.604938271604938,2,242.5,oserasoa,4.0,3.0,3.0,1.0,1.0,154.17,0.0,33.33,33.33,0.18181818181818200,2.0,54.0,9.0
286,298,leguzman,4,0.622222222222222,2,68.33,leguzman,0.0,2.0,5.0,2.0,4.0,339.17,60.0,79.17,100.0,0.21259842519685000,2.0,127.0,27.0
287,299,jscontrerasp,4,0.638888888888889,2,358.33,jscontrerasp,1.0,1.0,4.0,0.0,1.0,0.0,0.0,0.0,0.0,0.0,2.0,28.0,0.0
288,300,kancas,4,0.666666666666667,2,151.66,kancas,0.0,0.0,5.0,2.0,0.0,182.5,20.0,25.0,62.5,0.0,2.0,42.0,0.0
289,301,JulianaNino,4,0.694444444444444,2,234.16,JulianaNino,1.0,1.0,3.0,1.0,1.0,224.17,20.0,41.67,75.0,0.07692307692307690,2.0,25.0,1.0
290,302,luegilca,4,0.704918032786885,2,241.66,luegilca,0.0,1.0,6.0,2.0,0.0,100.0,0.0,37.5,0.0,0.0,2.0,33.0,0.0
291,303,jhcardenasa,4,0.727272727272727,2,358.33,jhcardenasa,4.0,4.0,5.0,3.0,0.0,0.0,0.0,0.0,0.0,0.19047619047619000,2.0,21.0,4.0
292,304,jusherrerama,4,0.72972972972973,2,250.83,,,,,,0.0,120.0,20.0,25.0,0.0,0.0,2.0,22.0,0.0
293,305,joaortizro,4,0.731707317073171,2,78.33,joaortizro,0.0,2.0,2.0,1.0,0.0,325.0,100.0,50.0,87.5,0.0,2.0,19.0,0.0
294,306,ykchautai,4,0.771929824561404,2,159.16,ykchautai,4.0,4.0,4.0,1.0,1.0,211.67,20.0,41.67,75.0,0.5,2.0,42.0,21.0
295,307,ligibrial,4,0.790322580645161,2,250.0,ligibrial,1.0,5.0,3.0,2.0,3.0,145.83,0.0,33.33,25.0,0.5740740740740740,2.0,50.0,27.0
296,308,ccvacad,4,0.792792792792793,2,358.33,ccvacad,1.0,0.0,4.0,2.0,1.0,314.17,80.0,66.67,80.0,0.17045454545454500,2.0,88.0,15.0
297,309,Davsatu313,4,0.795918367346939,2,57.5,Davsatu313,0.0,3.0,5.0,2.0,1.0,322.71,80.0,70.83,84.38,0.0,2.0,40.0,0.0
298,310,davidrh195,4,0.806451612903226,2,250.83,davidrh195,3.0,3.0,5.0,1.0,0.0,95.0,20.0,25.0,0.0,0.0,2.0,20.0,0.0
299,311,Gantiva,4,0.817073170731707,2,120.83,Gantiva,2.0,4.0,3.0,2.0,0.0,345.83,100.0,70.83,100.0,0.0,2.0,51.0,0.0
300,312,juasmartinezbel,4,0.83011583011583,2,37.5,juasmartinezbel,0.0,5.0,5.0,2.0,1.0,337.5,100.0,75.0,75.0,0.0,2.0,203.0,0.0
301,313,Dandarprox,4,0.833333333333333,2,145.0,Dandarprox,0.0,1.0,4.0,2.0,0.0,275.83,80.0,58.33,37.5,0.0561797752808989,2.0,89.0,5.0
302,314,HashNick,4,0.834782608695652,2,226.66,HashNick,1.0,3.0,5.0,3.0,0.0,152.5,40.0,50.0,25.0,0.0,2.0,174.0,0.0
303,315,cesarochoa2006,4,0.83739837398374,2,74.37,cesarochoa2006,0.0,1.0,6.0,0.0,1.0,326.67,100.0,66.67,72.5,0.010752688172043000,2.0,186.0,2.0
304,316,jjmuesesq,4,0.844444444444444,2,250.83,jjmuesesq,0.0,3.0,2.0,2.0,1.0,120.0,20.0,25.0,0.0,0.4814814814814820,2.0,27.0,13.0
305,317,Yelis3,4,0.856822880771881,2,124.16,Yelis3,1.0,4.0,6.0,3.0,7.0,309.17,80.0,66.67,62.5,0.9537037037037040,2.0,4260.0,4060.0
306,318,jhriverasa,4,0.87,2,25.0,jhriverasa,1.0,3.0,2.0,2.0,15.0,318.33,100.0,58.33,60.0,0.17525773195876300,2.0,86.0,6.0
307,319,raulramirezp,4,0.895833333333333,2,210.0,raulramirezp,1.0,2.0,5.0,2.0,3.0,272.5,60.0,45.83,66.67,0.14527027027027000,2.0,293.0,40.0
308,320,fabianr23,4,0.913793103448276,2,0.0,fabianr23,5.0,4.0,5.0,2.0,2.0,325.83,80.0,58.33,87.5,0.09523809523809520,2.0,175.0,4.0
309,321,begarzonf,4,0.943775100401606,2,143.33,begarzonf,2.0,3.0,4.0,2.0,0.0,227.5,40.0,25.0,75.0,0.0,2.0,432.0,0.0
310,322,xdanielsb,4,0.947598253275109,2,283.33,xdanielsb,3.0,3.0,3.0,2.0,0.0,357.5,100.0,87.5,70.0,0.5118279569892470,2.0,463.0,236.0
311,323,idrojasf,4,0.953316953316953,2,205.0,idrojasf,1.0,1.0,4.0,4.0,0.0,170.0,20.0,50.0,25.0,0.0,2.0,596.0,0.0
312,324,lsfinite,4,0.958521870286576,2,358.33,lsfinite,1.0,1.0,6.0,3.0,0.0,125.0,0.0,25.0,12.5,0.0,2.0,4862.0,0.0
313,325,bdvegat,4,0.958603040794822,2,263.33,bdvegat,1.0,2.0,4.0,1.0,0.0,107.5,20.0,25.0,0.0,0.007292173067574130,2.0,2056.0,14.0
314,326,JuanitoAli,4,0.973751451800232,2,33.33,JuanitoAli,1.0,1.0,5.0,2.0,0.0,265.83,80.0,58.33,65.0,0.0,2.0,2375.0,0.0
315,327,debeltranc,4,0.991836734693878,2,258.33,debeltranc,1.0,4.0,4.0,1.0,9.0,125.0,0.0,25.0,25.0,0.5681818181818180,2.0,44.0,25.0
316,328,adamantwharf,1,0.0,1,246.67,,,,,,0.0,95.0,20.0,25.0,0.0,0.0,1.0,3.0,0.0
317,329,nabautistal,1,0.0,1,271.67,nabautistal,0.0,0.0,3.0,1.0,1.0,99.17,20.0,29.17,0.0,0.0,1.0,3.0,0.0
318,330,bdcajicam,1,0.0,1,304.17,bdcajicam,0.0,2.0,5.0,2.0,0.0,95.0,20.0,25.0,0.0,0.0,1.0,3.0,0.0
319,331,andfsanchezlem,1,0.0,1,259.17,andfsanchezlem,0.0,1.0,3.0,1.0,1.0,57.5,20.0,25.0,0.0,0.0,1.0,0.0,0.0
320,332,maikellPardo,1,0.0,1,241.67,maikellPardo,4.0,4.0,4.0,2.0,0.0,62.5,0.0,25.0,25.0,0.0,1.0,0.0,0.0
321,333,Zeugmax,1,0.0,1,329.17,Zeugmax,1.0,3.0,5.0,2.0,0.0,12.5,0.0,0.0,0.0,0.0,1.0,0.0,0.0
322,334,ItsNavi,1,0.0,1,329.17,ItsNavi,1.0,2.0,5.0,2.0,0.0,12.5,0.0,0.0,0.0,0.0,1.0,0.0,0.0
323,335,crigar,1,0.0,1,259.17,crigar,1.0,0.0,2.0,4.0,0.0,95.0,20.0,25.0,0.0,0.0,1.0,0.0,0.0
324,336,joahernandezca,1,0.10948905109489,1,179.17,joahernandezca,1.0,1.0,0.0,0.0,1.0,75.0,0.0,25.0,0.0,0.975609756097561,1.0,123.0,120.0
325,337,diegoaguevarar,1,0.188405797101449,1,241.67,diegoaguevarar,0.0,1.0,5.0,2.0,1.0,219.17,40.0,54.17,50.0,0.007299270072992690,1.0,137.0,1.0
326,338,gcantem,1,0.195652173913043,1,0.0,gcantem,0.0,2.0,5.0,2.0,0.0,251.67,60.0,41.67,87.5,0.0,1.0,113.0,0.0
327,339,jmhurtadoc,1,0.234567901234568,1,166.67,jmhurtadoc,6.0,6.0,6.0,2.0,0.0,87.5,0.0,25.0,0.0,0.0,1.0,150.0,0.0
328,340,dfhincapiem,1,0.25,1,329.17,dfhincapiem,4.0,1.0,5.0,1.0,1.0,128.33,20.0,58.33,0.0,1.0,1.0,4.0,4.0
329,341,fevargasmo,1,0.545454545454545,1,164.17,fevargasmo,2.0,3.0,4.0,4.0,4.0,129.17,0.0,29.17,25.0,0.6923076923076920,1.0,25.0,17.0
330,342,anfmorenoso,1,0.548387096774194,1,231.67,anfmorenoso,0.0,2.0,5.0,2.0,2.0,115.83,20.0,33.33,0.0,1.0,1.0,18.0,18.0
331,343,dasalgadob,1,0.555555555555556,1,229.17,dasalgadob,1.0,2.0,4.0,3.0,0.0,75.0,0.0,25.0,0.0,0.0,1.0,9.0,0.0
332,344,gasierram,1,0.555555555555556,1,134.17,gasierram,3.0,4.0,5.0,4.0,1.0,140.83,20.0,33.33,25.0,0.0,1.0,17.0,0.0
333,345,JairVillalba,1,0.5625,1,266.67,JairVillalba,1.0,1.0,3.0,2.0,7.0,62.5,0.0,0.0,0.0,0.8260869565217390,1.0,23.0,19.0
334,346,Semoralesga,1,0.595238095238095,1,263.34,Semoralesga,4.0,3.0,4.0,2.0,1.0,190.83,20.0,33.33,62.5,0.8,1.0,25.0,20.0
335,347,jsnarvaezb,1,0.619047619047619,1,155.0,jsnarvaezb,0.0,1.0,3.0,2.0,8.0,207.5,20.0,50.0,75.0,0.7540983606557380,1.0,53.0,38.0
336,348,stevenbustos,1,0.625,1,196.67,stevenbustos,0.0,1.0,0.0,1.0,1.0,103.33,20.0,33.33,0.0,1.0,1.0,6.0,6.0
337,349,jsviveroj,1,0.63265306122449,1,225.84,jsviveroj,1.0,3.0,4.0,2.0,3.0,153.33,20.0,33.33,25.0,0.725,1.0,40.0,29.0
338,350,jcrubioa,1,0.663888888888889,1,192.5,jcrubioa,0.0,0.0,5.0,2.0,1.0,187.5,0.0,25.0,87.5,0.02608695652173910,1.0,345.0,9.0
339,351,wolfstain,1,0.680851063829787,1,255.0,wolfstain,3.0,3.0,6.0,0.0,3.0,190.83,20.0,33.33,62.5,0.3902439024390240,1.0,39.0,14.0
340,352,djguzmanc,1,0.716981132075472,1,48.34,djguzmanc,0.0,5.0,6.0,3.0,3.0,266.25,60.0,62.5,81.25,0.4509803921568630,1.0,45.0,17.0
341,353,gsuarezc04,1,0.763636363636364,1,329.17,gsuarezc04,1.0,1.0,3.0,2.0,1.0,133.33,0.0,20.83,75.0,1.0,1.0,41.0,41.0
342,354,jufcontrerasco,1,0.769230769230769,1,237.5,jufcontrerasco,0.0,0.0,5.0,2.0,1.0,108.33,0.0,33.33,25.0,0.07692307692307690,1.0,13.0,1.0
343,355,gfalbarracinr,1,0.813953488372093,1,266.67,gfalbarracinr,1.0,1.0,5.0,2.0,2.0,62.5,0.0,25.0,0.0,0.40625,1.0,30.0,11.0
344,356,jonatan360,1,0.824742268041237,1,43.34,jonatan360,4.0,4.0,6.0,4.0,0.0,227.5,40.0,37.5,62.5,0.35106382978723400,1.0,87.0,26.0
345,357,daandradec,1,0.843137254901961,1,191.67,daandradec,2.0,2.0,6.0,2.0,0.0,313.33,80.0,58.33,87.5,0.6576576576576580,1.0,109.0,71.0
346,358,dsbarrerag,1,0.85,1,103.34,dsbarrerag,0.0,4.0,5.0,2.0,1.0,333.33,100.0,70.83,87.5,0.5882352941176470,1.0,34.0,20.0
347,359,helmeraac,1,0.862068965517241,1,259.17,helmeraac,5.0,4.0,6.0,4.0,2.0,150.0,0.0,25.0,87.5,0.7608695652173910,1.0,45.0,34.0
348,360,oeroaq,1,0.87890625,1,98.34,oeroaq,4.0,4.0,5.0,3.0,5.0,288.33,80.0,58.33,75.0,0.28846153846153800,1.0,151.0,40.0
349,361,miaborjaac,1,0.909090909090909,1,209.17,miaborjaac,0.0,0.0,4.0,1.0,2.0,115.83,20.0,33.33,0.0,0.48039215686274500,1.0,91.0,38.0
350,362,ivdgonzalezco,1,0.927335640138408,1,329.17,ivdgonzalezco,1.0,4.0,4.0,2.0,1.0,128.33,20.0,33.33,0.0,0.0,1.0,246.0,0.0
351,363,jiapulidoar,1,0.953551912568306,1,110.0,jiapulidoar,4.0,4.0,5.0,2.0,4.0,256.67,40.0,41.67,75.0,0.8884120171673820,1.0,233.0,207.0
352,364,aldiazve,1,0.964223889209463,1,209.17,aldiazve,0.0,3.0,6.0,3.0,4.0,210.83,40.0,45.83,50.0,0.9890784982935150,1.0,1459.0,1443.0
353,365,falperezgo,1,0.965986394557823,1,72.5,falperezgo,4.0,4.0,5.0,3.0,2.0,330.0,80.0,62.5,87.5,0.9891975308641980,1.0,1944.0,1923.0
354,366,jesusfchavarro,1,0.978412698412698,1,80.84,jesusfchavarro,4.0,3.0,6.0,3.0,7.0,289.17,60.0,66.67,87.5,0.9847328244274810,1.0,2882.0,2838.0
358,368,Christian7sr,1,1.0,1,255.0,Christian7sr,3.0,3.0,3.0,2.0,2.0,111.67,20.0,29.17,0.0,0.5,1.0,2.0,1.0
359,369,Zeugmax,2,0.0,1,320.83,Zeugmax,1.0,3.0,5.0,2.0,0.0,0.0,0.0,0.0,0.0,0.0,1.0,0.0,0.0
360,370,maikellPardo,2,0.0,1,270.83,maikellPardo,4.0,4.0,4.0,2.0,0.0,58.33,0.0,33.33,25.0,0.0,1.0,0.0,0.0
361,371,ItsNavi,2,0.0,1,320.83,ItsNavi,1.0,2.0,5.0,2.0,0.0,0.0,0.0,0.0,0.0,0.0,1.0,0.0,0.0
362,372,crigar,2,0.0,1,238.33,crigar,1.0,0.0,2.0,4.0,0.0,82.5,20.0,25.0,0.0,0.0,1.0,0.0,0.0
363,373,andfsanchezlem,2,0.0,1,275.83,andfsanchezlem,0.0,1.0,3.0,1.0,1.0,45.0,20.0,25.0,0.0,0.0,1.0,0.0,0.0
364,374,adamantwharf,2,0.0,1,238.33,,,,,,0.0,95.0,20.0,25.0,0.0,0.0,1.0,3.0,0.0
365,375,joahernandezca,2,0.115942028985507,1,258.33,joahernandezca,1.0,1.0,0.0,0.0,1.0,108.33,0.0,33.33,25.0,0.0,1.0,123.0,0.0
366,376,diegoaguevarar,2,0.115942028985507,1,114.16,diegoaguevarar,0.0,1.0,5.0,2.0,1.0,325.0,100.0,62.5,87.5,0.0,1.0,137.0,0.0
367,377,gcantem,2,0.15625,1,81.66,gcantem,0.0,2.0,5.0,2.0,0.0,226.67,60.0,29.17,75.0,0.0,1.0,113.0,0.0
368,378,jmhurtadoc,2,0.18,1,245.83,jmhurtadoc,6.0,6.0,6.0,2.0,0.0,120.83,0.0,33.33,25.0,0.0,1.0,150.0,0.0
369,379,Semoralesga,2,0.233379026730637,1,142.5,Semoralesga,4.0,3.0,4.0,2.0,2.0,178.33,20.0,33.33,62.5,0.989001319841619,1.0,2273.0,2248.0
370,380,dfhincapiem,2,0.25,1,205.0,dfhincapiem,4.0,1.0,5.0,1.0,0.0,107.5,20.0,50.0,0.0,0.0,1.0,4.0,0.0
371,381,Christian7sr,2,0.5,1,221.66,Christian7sr,3.0,3.0,3.0,2.0,1.0,124.17,20.0,29.17,0.0,0.6666666666666670,1.0,6.0,4.0
372,382,dasalgadob,2,0.555555555555556,1,258.33,dasalgadob,1.0,2.0,4.0,3.0,0.0,50.0,0.0,0.0,0.0,0.0,1.0,9.0,0.0
373,383,gasierram,2,0.5625,1,192.5,gasierram,3.0,4.0,5.0,4.0,1.0,132.5,20.0,50.0,0.0,0.7213114754098360,1.0,61.0,44.0
374,384,nabautistal,2,0.571428571428571,1,234.16,nabautistal,0.0,0.0,3.0,1.0,1.0,86.67,20.0,29.17,0.0,0.5714285714285710,1.0,7.0,4.0
375,385,JairVillalba,2,0.651162790697675,1,270.83,JairVillalba,1.0,1.0,3.0,2.0,5.0,62.5,0.0,0.0,0.0,0.3529411764705880,1.0,33.0,11.0
376,386,bdcajicam,2,0.651515151515152,1,238.33,bdcajicam,0.0,2.0,5.0,2.0,1.0,157.5,20.0,25.0,62.5,0.9166666666666670,1.0,36.0,33.0
377,387,jcrubioa,2,0.659025787965616,1,145.83,jcrubioa,0.0,0.0,5.0,2.0,0.0,205.42,20.0,29.17,81.25,0.0,1.0,345.0,0.0
378,388,anfmorenoso,2,0.674418604651163,1,217.5,anfmorenoso,0.0,2.0,5.0,2.0,1.0,115.83,20.0,33.33,0.0,0.0,1.0,18.0,0.0
379,389,jsviveroj,2,0.695652173913044,1,180.0,jsviveroj,1.0,3.0,4.0,2.0,3.0,293.33,60.0,58.33,87.5,0.21568627450980400,1.0,51.0,11.0
380,390,djguzmanc,2,0.706896551724138,1,67.08,djguzmanc,0.0,5.0,6.0,3.0,3.0,305.0,80.0,62.5,100.0,0.17307692307692300,1.0,50.0,7.0
381,391,jsnarvaezb,2,0.712328767123288,1,125.83,jsnarvaezb,0.0,1.0,3.0,2.0,3.0,228.33,20.0,58.33,87.5,0.01851851851851850,1.0,54.0,1.0
382,392,stevenbustos,2,0.714285714285714,1,230.0,stevenbustos,0.0,1.0,0.0,1.0,1.0,103.33,20.0,33.33,0.0,0.0,1.0,6.0,0.0
383,393,fevargasmo,2,0.736842105263158,1,204.16,fevargasmo,2.0,3.0,4.0,4.0,1.0,313.33,80.0,58.33,100.0,0.4897959183673470,1.0,49.0,24.0
384,394,jufcontrerasco,2,0.769230769230769,1,225.0,jufcontrerasco,0.0,0.0,5.0,2.0,3.0,128.33,20.0,33.33,25.0,0.0,1.0,13.0,0.0
385,395,gsuarezc04,2,0.821428571428571,1,200.0,gsuarezc04,1.0,1.0,3.0,2.0,0.0,50.0,0.0,25.0,0.0,0.0,1.0,41.0,0.0
386,396,jonatan360,2,0.823008849557522,1,105.83,jonatan360,4.0,4.0,6.0,4.0,5.0,332.92,60.0,79.17,93.75,0.33333333333333300,1.0,93.0,21.0
387,397,gfalbarracinr,2,0.825,1,270.83,gfalbarracinr,1.0,1.0,5.0,2.0,1.0,75.0,0.0,25.0,0.0,0.0,1.0,30.0,0.0
388,398,daandradec,2,0.850931677018634,1,20.0,daandradec,2.0,2.0,6.0,2.0,0.0,240.83,20.0,58.33,62.5,0.27210884353741500,1.0,145.0,38.0
389,399,dsbarrerag,2,0.878048780487805,1,0.0,dsbarrerag,0.0,4.0,5.0,2.0,1.0,325.0,100.0,62.5,87.5,0.37735849056603800,1.0,52.0,19.0
390,400,wolfstain,2,0.894366197183099,1,142.5,wolfstain,3.0,3.0,6.0,0.0,3.0,195.0,20.0,25.0,62.5,0.8355555555555560,1.0,223.0,186.0
391,401,miaborjaac,2,0.895287958115183,1,217.5,miaborjaac,0.0,0.0,4.0,1.0,3.0,300.83,80.0,58.33,87.5,0.10784313725490200,1.0,102.0,11.0
392,402,helmeraac,2,0.902654867256637,1,183.33,helmeraac,5.0,4.0,6.0,4.0,2.0,54.17,0.0,29.17,0.0,0.4642857142857140,1.0,84.0,39.0
393,403,ivdgonzalezco,2,0.912903225806452,1,205.0,ivdgonzalezco,1.0,4.0,4.0,2.0,1.0,124.17,20.0,29.17,0.0,0.0,1.0,246.0,0.0
394,404,oeroaq,2,0.939879759519038,1,45.0,oeroaq,4.0,4.0,5.0,3.0,7.0,320.83,100.0,58.33,87.5,0.7932960893854750,1.0,713.0,565.0
395,405,aldiazve,2,0.951955651370496,1,122.5,aldiazve,0.0,3.0,6.0,3.0,1.0,229.58,40.0,45.83,68.75,0.0,1.0,1459.0,0.0
396,406,falperezgo,2,0.951955651370496,1,3.32999999999998,falperezgo,4.0,4.0,5.0,3.0,2.0,338.33,80.0,58.33,100.0,0.0,1.0,1944.0,0.0
397,407,jiapulidoar,2,0.953002610966057,1,76.66,jiapulidoar,4.0,4.0,5.0,2.0,2.0,281.67,40.0,66.67,75.0,0.07936507936507940,1.0,251.0,19.0
398,408,jesusfchavarro,2,0.969967151572032,1,44.16,jesusfchavarro,4.0,3.0,6.0,3.0,10.0,345.83,100.0,70.83,100.0,0.025475543478260900,1.0,2931.0,62.0
402,410,crigar,3,0.0,1,263.33,crigar,1.0,0.0,2.0,4.0,0.0,107.5,20.0,25.0,0.0,0.0,1.0,0.0,0.0
403,411,Zeugmax,3,0.0,1,345.83,Zeugmax,1.0,3.0,5.0,2.0,0.0,0.0,0.0,0.0,0.0,0.0,1.0,0.0,0.0
404,412,ItsNavi,3,0.0,1,345.83,ItsNavi,1.0,2.0,5.0,2.0,0.0,0.0,0.0,0.0,0.0,0.0,1.0,0.0,0.0
405,413,andfsanchezlem,3,0.0,1,300.83,andfsanchezlem,0.0,1.0,3.0,1.0,1.0,45.0,20.0,25.0,0.0,0.0,1.0,0.0,0.0
406,414,maikellPardo,3,0.0,1,287.5,maikellPardo,4.0,4.0,4.0,2.0,0.0,75.0,0.0,25.0,25.0,0.0,1.0,0.0,0.0
407,415,diegoaguevarar,3,0.115942028985507,1,20.83,diegoaguevarar,0.0,1.0,5.0,2.0,0.0,312.5,100.0,75.0,62.5,0.0,1.0,137.0,0.0
408,416,joahernandezca,3,0.128571428571429,1,237.5,joahernandezca,1.0,1.0,0.0,0.0,0.0,132.5,20.0,37.5,25.0,0.016000000000000000,1.0,125.0,2.0
409,417,jmhurtadoc,3,0.18,1,225.0,jmhurtadoc,6.0,6.0,6.0,2.0,0.0,116.67,0.0,29.17,25.0,0.0,1.0,150.0,0.0
410,418,Semoralesga,3,0.246809939556749,1,167.5,Semoralesga,4.0,3.0,4.0,2.0,1.0,178.33,20.0,33.33,62.5,0.013495864170657400,1.0,2290.0,24.0
411,419,dfhincapiem,3,0.25,1,238.33,dfhincapiem,4.0,1.0,5.0,1.0,0.0,107.5,20.0,50.0,0.0,0.0,1.0,4.0,0.0
412,420,adamantwharf,3,0.25,1,250.83,,,,,,0.0,95.0,20.0,25.0,0.0,0.0,1.0,3.0,0.0
413,421,jesusfchavarro,3,0.256478405315615,1,0.0,jesusfchavarro,4.0,3.0,6.0,3.0,8.0,333.33,100.0,70.83,87.5,0.018120805369127500,1.0,2975.0,49.0
417,423,oeroaq,3,0.286214581343521,1,25.0,oeroaq,4.0,4.0,5.0,3.0,10.0,350.0,100.0,79.17,95.83,0.7809311224489800,1.0,3110.0,2423.0
418,424,bdcajicam,3,0.484375,1,188.33,bdcajicam,0.0,2.0,5.0,2.0,0.0,174.17,20.0,29.17,62.5,0.0,1.0,36.0,0.0
419,425,gasierram,3,0.484375,1,213.33,gasierram,3.0,4.0,5.0,4.0,2.0,160.83,40.0,58.33,0.0,0.0,1.0,61.0,0.0
420,426,Christian7sr,3,0.5,1,221.66,Christian7sr,3.0,3.0,3.0,2.0,0.0,124.17,20.0,29.17,0.0,0.0,1.0,6.0,0.0
421,427,nabautistal,3,0.625,1,259.16,nabautistal,0.0,0.0,3.0,1.0,1.0,90.83,20.0,33.33,0.0,0.125,1.0,8.0,1.0
422,428,jsnarvaezb,3,0.65625,1,117.5,jsnarvaezb,0.0,1.0,3.0,2.0,7.0,244.17,40.0,54.17,75.0,0.23188405797101500,1.0,68.0,15.0
423,429,jcrubioa,3,0.659025787965616,1,140.41,jcrubioa,0.0,0.0,5.0,2.0,0.0,215.83,20.0,45.83,75.0,0.0,1.0,345.0,0.0
424,430,jufcontrerasco,3,0.666666666666667,1,217.5,jufcontrerasco,0.0,0.0,5.0,2.0,4.0,161.67,20.0,41.67,25.0,0.92,1.0,95.0,87.0
425,431,jsviveroj,3,0.67032967032967,1,52.5,jsviveroj,1.0,3.0,4.0,2.0,5.0,280.83,60.0,58.33,75.0,0.15000000000000000,1.0,60.0,9.0
426,432,JairVillalba,3,0.714285714285714,1,283.33,JairVillalba,1.0,1.0,3.0,2.0,4.0,62.5,0.0,0.0,0.0,0.1842105263157900,1.0,36.0,5.0
427,433,stevenbustos,3,0.719298245614035,1,242.5,stevenbustos,0.0,1.0,0.0,1.0,1.0,115.83,20.0,33.33,0.0,0.7142857142857140,1.0,21.0,15.0
428,434,anfmorenoso,3,0.720588235294118,1,230.0,anfmorenoso,0.0,2.0,5.0,2.0,2.0,178.33,20.0,33.33,50.0,0.5405405405405410,1.0,36.0,19.0
429,435,djguzmanc,3,0.734042553191489,1,40.83,djguzmanc,0.0,5.0,6.0,3.0,6.0,292.29,60.0,79.17,90.63,0.25757575757575800,1.0,65.0,16.0
430,436,fevargasmo,3,0.786885245901639,1,32.5,fevargasmo,2.0,3.0,4.0,4.0,4.0,248.33,40.0,58.33,75.0,0.125,1.0,56.0,7.0
431,437,gcantem,3,0.842105263157895,1,119.16,gcantem,0.0,2.0,5.0,2.0,7.0,264.17,60.0,29.17,75.0,0.8408163265306120,1.0,171.0,132.0
432,438,jonatan360,3,0.846625766871166,1,12.91,jonatan360,4.0,4.0,6.0,4.0,11.0,343.33,60.0,83.33,100.0,0.28125,1.0,127.0,35.0
433,439,gsuarezc04,3,0.855421686746988,1,295.83,gsuarezc04,1.0,1.0,3.0,2.0,0.0,50.0,0.0,25.0,0.0,0.0,1.0,41.0,0.0
434,440,gfalbarracinr,3,0.85632183908046,1,270.83,gfalbarracinr,1.0,1.0,5.0,2.0,3.0,50.0,0.0,0.0,0.0,0.7747747747747750,1.0,106.0,81.0
435,441,dasalgadob,3,0.870967741935484,1,295.83,dasalgadob,1.0,2.0,4.0,3.0,0.0,225.0,100.0,75.0,0.0,0.0,1.0,9.0,0.0
436,442,dsbarrerag,3,0.880952380952381,1,20.83,dsbarrerag,0.0,4.0,5.0,2.0,1.0,285.0,60.0,62.5,75.0,0.08771929824561410,1.0,57.0,5.0
437,443,miaborjaac,3,0.883333333333333,1,45.0,miaborjaac,0.0,0.0,4.0,1.0,5.0,301.67,80.0,66.67,80.0,0.21138211382113800,1.0,118.0,21.0
438,444,helmeraac,3,0.887096774193548,1,291.66,helmeraac,5.0,4.0,6.0,4.0,2.0,86.67,20.0,29.17,0.0,0.2828282828282830,1.0,86.0,15.0
439,445,wolfstain,3,0.890804597701149,1,150.83,wolfstain,3.0,3.0,6.0,0.0,1.0,203.33,20.0,33.33,62.5,0.06329113924050630,1.0,236.0,14.0
440,446,daandradec,3,0.89556135770235,1,105.0,daandradec,2.0,2.0,6.0,2.0,28.0,318.75,100.0,75.0,68.75,0.5137931034482760,1.0,286.0,145.0
441,447,ivdgonzalezco,3,0.906752411575563,1,221.66,ivdgonzalezco,1.0,4.0,4.0,2.0,1.0,165.0,40.0,50.0,0.0,0.03252032520325200,1.0,238.0,0.0
442,448,jiapulidoar,3,0.953002610966057,1,64.16,jiapulidoar,4.0,4.0,5.0,2.0,0.0,277.5,40.0,62.5,75.0,0.0,1.0,251.0,0.0
443,449,falperezgo,3,0.953446191051995,1,7.5,falperezgo,4.0,4.0,5.0,3.0,1.0,277.5,40.0,62.5,75.0,0.03436254980079680,1.0,2003.0,64.0
444,450,aldiazve,3,0.961640396150091,1,116.25,aldiazve,0.0,3.0,6.0,3.0,6.0,260.0,60.0,54.17,58.33,0.6793454223794780,1.0,4513.0,3063.0
445,451,gcantem,4,0.0,1,85.83,gcantem,0.0,2.0,5.0,2.0,24.0,283.33,100.0,70.83,87.5,1.0,1.0,0.0,0.0
446,452,crigar,4,0.0,1,242.5,crigar,1.0,0.0,2.0,4.0,0.0,82.5,20.0,25.0,0.0,0.0,1.0,0.0,0.0
447,453,ItsNavi,4,0.0,1,350.0,ItsNavi,1.0,2.0,5.0,2.0,0.0,0.0,0.0,0.0,0.0,0.0,1.0,0.0,0.0
448,454,maikellPardo,4,0.0,1,275.0,maikellPardo,4.0,4.0,4.0,2.0,0.0,62.5,0.0,37.5,25.0,0.0,1.0,0.0,0.0
449,455,andfsanchezlem,4,0.0,1,305.0,andfsanchezlem,0.0,1.0,3.0,1.0,0.0,45.0,20.0,25.0,0.0,0.0,1.0,0.0,0.0
450,456,Zeugmax,4,0.0,1,350.0,Zeugmax,1.0,3.0,5.0,2.0,0.0,0.0,0.0,0.0,0.0,0.0,1.0,0.0,0.0
451,457,joahernandezca,4,0.128571428571429,1,217.5,joahernandezca,1.0,1.0,0.0,0.0,0.0,161.67,20.0,54.17,25.0,0.0,1.0,125.0,0.0
452,458,oeroaq,4,0.175238795003674,1,0.0,oeroaq,4.0,4.0,5.0,3.0,3.0,357.5,100.0,87.5,82.5,0.15288860517076300,1.0,2677.0,23.0
453,459,jmhurtadoc,4,0.190789473684211,1,233.33,jmhurtadoc,6.0,6.0,6.0,2.0,0.0,120.83,0.0,33.33,25.0,0.0,1.0,150.0,0.0
454,460,adamantwharf,4,0.25,1,255.0,,,,,,0.0,107.5,20.0,25.0,0.0,0.0,1.0,3.0,0.0
455,461,dfhincapiem,4,0.25,1,242.5,dfhincapiem,4.0,1.0,5.0,1.0,0.0,107.5,20.0,25.0,25.0,0.0,1.0,4.0,0.0
456,462,Semoralesga,4,0.259491581379993,1,171.67,Semoralesga,4.0,3.0,4.0,2.0,1.0,165.83,20.0,33.33,62.5,0.004784688995215340,1.0,2297.0,9.0
457,463,jesusfchavarro,4,0.262413679710621,1,16.67,jesusfchavarro,4.0,3.0,6.0,3.0,6.0,345.0,100.0,62.5,82.5,0.007676902536715600,1.0,2994.0,21.0
461,465,nabautistal,4,0.388888888888889,1,259.17,nabautistal,0.0,0.0,3.0,1.0,1.0,195.0,20.0,50.0,62.5,0.8431372549019610,1.0,51.0,43.0
462,466,diegoaguevarar,4,0.409090909090909,1,37.5,diegoaguevarar,0.0,1.0,5.0,2.0,2.0,317.5,80.0,62.5,87.5,0.37341772151898700,1.0,120.0,21.0
463,467,bdcajicam,4,0.484375,1,175.83,bdcajicam,0.0,2.0,5.0,2.0,0.0,206.67,40.0,29.17,62.5,0.0,1.0,36.0,0.0
464,468,gasierram,4,0.484375,1,189.17,gasierram,3.0,4.0,5.0,4.0,2.0,190.0,40.0,62.5,25.0,0.0,1.0,61.0,0.0
465,469,helmeraac,4,0.651741293532338,1,263.33,helmeraac,5.0,4.0,6.0,4.0,1.0,87.5,0.0,25.0,0.0,0.6190476190476190,1.0,146.0,82.0
466,470,jsnarvaezb,4,0.65625,1,105.83,jsnarvaezb,0.0,1.0,3.0,2.0,0.0,211.67,20.0,54.17,50.0,0.0,1.0,68.0,0.0
467,471,jcrubioa,4,0.660968660968661,1,134.17,jcrubioa,0.0,0.0,5.0,2.0,0.0,246.25,40.0,50.0,81.25,0.0,1.0,345.0,0.0
468,472,jufcontrerasco,4,0.666666666666667,1,188.33,jufcontrerasco,0.0,0.0,5.0,2.0,0.0,264.17,60.0,79.17,50.0,0.0,1.0,95.0,0.0
469,473,jsviveroj,4,0.68421052631579,1,69.17,jsviveroj,1.0,3.0,4.0,2.0,2.0,331.67,80.0,79.17,72.5,0.0625,1.0,64.0,4.0
470,474,JairVillalba,4,0.72,1,287.5,JairVillalba,1.0,1.0,3.0,2.0,6.0,75.0,0.0,0.0,0.0,0.4,1.0,60.0,24.0
471,475,djguzmanc,4,0.745283018867925,1,57.71,djguzmanc,0.0,5.0,6.0,3.0,0.0,334.17,80.0,79.17,100.0,0.0,1.0,65.0,0.0
472,476,stevenbustos,4,0.759259259259259,1,234.17,stevenbustos,0.0,1.0,0.0,1.0,1.0,198.33,20.0,33.33,70.0,0.47058823529411800,1.0,31.0,13.0
473,477,fevargasmo,4,0.795918367346939,1,101.67,fevargasmo,2.0,3.0,4.0,4.0,2.0,240.0,40.0,50.0,75.0,0.051724137931034500,1.0,57.0,2.0
474,478,dsbarrerag,4,0.805194805194805,1,65.0,dsbarrerag,0.0,4.0,5.0,2.0,1.0,330.0,80.0,70.83,91.67,0.2222222222222220,1.0,71.0,15.0
475,479,anfmorenoso,4,0.815126050420168,1,171.67,anfmorenoso,0.0,2.0,5.0,2.0,1.0,217.5,40.0,37.5,52.5,0.6341463414634150,1.0,76.0,46.0
476,480,jonatan360,4,0.829545454545455,1,6.67000000000002,jonatan360,4.0,4.0,6.0,4.0,9.0,352.5,100.0,75.0,77.5,0.1428571428571430,1.0,146.0,20.0
477,481,gsuarezc04,4,0.858823529411765,1,300.0,gsuarezc04,1.0,1.0,3.0,2.0,0.0,50.0,0.0,25.0,0.0,0.0,1.0,41.0,0.0
478,482,miaborjaac,4,0.86046511627907,1,48.33,miaborjaac,0.0,0.0,4.0,1.0,6.0,323.33,80.0,70.83,85.0,0.04065040650406500,1.0,123.0,5.0
479,483,gfalbarracinr,4,0.864485981308411,1,300.0,gfalbarracinr,1.0,1.0,5.0,2.0,1.0,100.0,0.0,25.0,0.0,0.10256410256410300,1.0,116.0,11.0
480,484,dasalgadob,4,0.870967741935484,1,125.0,dasalgadob,1.0,2.0,4.0,3.0,0.0,100.0,0.0,25.0,25.0,0.0,1.0,9.0,0.0
481,485,Christian7sr,4,0.88,1,225.83,Christian7sr,3.0,3.0,3.0,2.0,5.0,124.17,20.0,29.17,0.0,0.76,1.0,25.0,19.0
482,486,daandradec,4,0.882640586797066,1,31.25,daandradec,2.0,2.0,6.0,2.0,3.0,336.67,100.0,66.67,95.0,0.0,1.0,286.0,0.0
483,487,wolfstain,4,0.890804597701149,1,146.67,wolfstain,3.0,3.0,6.0,0.0,0.0,197.08,20.0,33.33,56.25,0.0,1.0,236.0,0.0
484,488,ivdgonzalezco,4,0.902077151335312,1,185.0,ivdgonzalezco,1.0,4.0,4.0,2.0,1.0,312.5,100.0,50.0,87.5,0.05555555555555560,1.0,252.0,14.0
485,489,jiapulidoar,4,0.952076677316294,1,72.5,jiapulidoar,4.0,4.0,5.0,2.0,2.0,310.0,60.0,83.33,66.67,0.06343283582089550,1.0,268.0,17.0
486,490,aldiazve,4,0.96159179145868,1,90.0,aldiazve,0.0,3.0,6.0,3.0,3.0,236.67,20.0,54.17,75.0,0.0006644518272425070,1.0,4514.0,2.0
487,491,falperezgo,4,0.965675057208238,1,72.5,falperezgo,4.0,4.0,5.0,3.0,1.0,228.33,20.0,45.83,62.5,0.0029865604778497300,1.0,2009.0,6.0
488,492,fffeelipe,1,0.0,0,201.66,fffeelipe,1.0,0.0,5.0,3.0,1.0,172.5,60.0,37.5,0.0,0.0,0.0,0.0,0.0
489,493,jdsolanos,1,0.0,0,238.33,jdsolanos,1.0,1.0,5.0,2.0,0.0,12.5,0.0,0.0,0.0,0.0,0.0,0.0,0.0
490,494,annipi,1,0.0,0,300.83,annipi,1.0,0.0,4.0,2.0,0.0,12.5,0.0,0.0,0.0,0.0,0.0,0.0,0.0
491,495,jcneivaa,1,0.0,0,300.83,jcneivaa,0.0,0.0,4.0,2.0,0.0,12.5,0.0,0.0,0.0,0.0,0.0,0.0,0.0
492,496,juanescai,1,0.0,0,188.33,juanescai,1.0,2.0,5.0,2.0,1.0,62.5,0.0,25.0,25.0,0.0,0.0,0.0,0.0
493,497,maikellPardoA,1,0.0,0,213.33,maikellPardoA,3.0,3.0,3.0,2.0,1.0,87.5,0.0,25.0,25.0,0.0,0.0,0.0,0.0
494,498,fmbernalb,1,0.0,0,300.83,fmbernalb,1.0,2.0,2.0,1.0,0.0,12.5,0.0,0.0,0.0,0.0,0.0,0.0,0.0
495,499,yocuervoc,1,0.0,0,300.83,yocuervoc,0.0,1.0,5.0,2.0,0.0,12.5,0.0,0.0,0.0,0.0,0.0,0.0,0.0
496,500,MogGy94,1,0.0,0,288.33,MogGy94,3.0,3.0,4.0,0.0,0.0,12.5,0.0,0.0,0.0,0.0,0.0,0.0,0.0
497,501,katherinsb,1,0.0,0,300.83,katherinsb,1.0,2.0,4.0,2.0,0.0,12.5,0.0,0.0,0.0,0.0,0.0,0.0,0.0
498,502,cap182,1,0.0,0,152.5,cap182,0.0,1.0,4.0,2.0,0.0,33.33,0.0,20.83,0.0,0.0,0.0,0.0,0.0
499,503,capinillab,1,0.566666666666667,0,185.0,capinillab,0.0,0.0,0.0,0.0,1.0,247.5,60.0,37.5,87.5,0.65,0.0,20.0,13.0
500,504,CristianLozano,1,0.571428571428571,0,201.66,,,,,,1.0,103.33,20.0,33.33,0.0,0.5714285714285710,0.0,7.0,4.0
501,505,jdsuarezj,1,0.577777777777778,0,138.33,jdsuarezj,1.0,3.0,3.0,2.0,2.0,125.0,0.0,25.0,25.0,0.6590909090909090,0.0,41.0,26.0
502,506,Judgarciani,1,0.58695652173913,0,300.83,Judgarciani,3.0,3.0,4.0,2.0,4.0,86.67,20.0,29.17,0.0,0.3548387096774190,0.0,31.0,11.0
503,507,pcberriop,1,0.648148148148148,0,223.33,pcberriop,0.0,1.0,3.0,2.0,1.0,165.83,20.0,33.33,62.5,0.3584905660377360,0.0,53.0,19.0
504,508,JoseMolano,1,0.653846153846154,0,105.83,JoseMolano,1.0,5.0,4.0,4.0,1.0,145.83,0.0,33.33,25.0,0.9361702127659580,0.0,47.0,44.0
505,509,pipemax85,1,0.681818181818182,0,205.83,pipemax85,1.0,3.0,5.0,2.0,1.0,103.33,20.0,33.33,0.0,0.045454545454545400,0.0,22.0,1.0
506,510,NicolasZon,1,0.695652173913044,0,288.33,NicolasZon,3.0,3.0,3.0,1.0,2.0,100.0,0.0,25.0,25.0,0.07692307692307690,0.0,12.0,0.0
507,511,hsmartineza,1,0.72,0,300.83,hsmartineza,0.0,1.0,3.0,2.0,3.0,86.67,20.0,29.17,0.0,0.34285714285714300,0.0,35.0,12.0
508,512,UNhcrodriguezl,1,0.734567901234568,0,210.0,UNhcrodriguezl,3.0,3.0,5.0,3.0,1.0,190.83,20.0,33.33,62.5,0.6794871794871800,0.0,78.0,53.0
509,513,cdcordobaa,1,0.760869565217391,0,210.0,cdcordobaa,2.0,4.0,5.0,2.0,1.0,190.83,20.0,33.33,62.5,0.4375,0.0,32.0,14.0
510,514,lfvalderrama,1,0.764705882352941,0,225.83,lfvalderrama,0.0,3.0,5.0,2.0,2.0,141.67,0.0,41.67,25.0,0.275,0.0,40.0,11.0
511,515,DglyP,1,0.777777777777778,0,300.83,DglyP,1.0,3.0,4.0,3.0,5.0,123.33,40.0,45.83,0.0,0.8333333333333330,0.0,24.0,20.0
512,516,bsgarciac,1,0.779411764705882,0,193.33,bsgarciac,0.0,3.0,4.0,2.0,1.0,231.67,40.0,41.67,87.5,0.35,0.0,60.0,21.0
513,517,sacastroc,1,0.788461538461538,0,225.83,sacastroc,1.0,2.0,4.0,2.0,3.0,203.33,20.0,33.33,62.5,0.8333333333333330,0.0,42.0,35.0
514,518,odprietoh,1,0.791666666666667,0,275.83,odprietoh,4.0,4.0,5.0,2.0,0.0,62.5,0.0,25.0,25.0,0.0,0.0,69.0,0.0
515,519,jjrodriguezn,1,0.806451612903226,0,300.83,jjrodriguezn,2.0,2.0,3.0,1.0,1.0,111.67,20.0,29.17,0.0,1.0,0.0,19.0,19.0
516,520,gabi04,1,0.826086956521739,0,300.83,gabi04,0.0,0.0,5.0,2.0,4.0,62.5,0.0,25.0,0.0,1.0,0.0,41.0,41.0
517,521,camilo654,1,0.833333333333333,0,226.66,camilo654,0.0,1.0,4.0,2.0,1.0,195.0,20.0,25.0,87.5,0.7777777777777780,0.0,18.0,14.0
518,522,mnguzmanc,1,0.83495145631068,0,213.33,mnguzmanc,2.0,1.0,3.0,2.0,4.0,220.0,20.0,37.5,75.0,0.9203539823008850,0.0,113.0,104.0
519,523,Moimolcp,1,0.836734693877551,0,275.83,Moimolcp,1.0,1.0,5.0,1.0,2.0,120.83,0.0,33.33,25.0,0.0,0.0,39.0,0.0
520,524,leavendanoro,1,0.84,0,263.33,leavendanoro,0.0,1.0,4.0,1.0,5.0,112.5,0.0,25.0,25.0,0.5217391304347830,0.0,22.0,11.0
521,525,camilo13152,1,0.85,0,271.66,camilo13152,3.0,5.0,5.0,2.0,5.0,103.33,20.0,33.33,0.0,1.0,0.0,14.0,14.0
522,526,juandavidro,1,0.852713178294574,0,0.0,juandavidro,1.0,2.0,2.0,2.0,1.0,128.33,20.0,33.33,25.0,0.0,0.0,127.0,0.0
523,527,janoguerab,1,0.857142857142857,0,300.83,janoguerab,3.0,3.0,4.0,2.0,1.0,86.67,20.0,29.17,0.0,0.9166666666666670,0.0,36.0,33.0
524,528,jmcuestasb,1,0.887323943661972,0,250.83,jmcuestasb,1.0,3.0,4.0,2.0,6.0,140.83,20.0,33.33,25.0,1.0,0.0,67.0,67.0
525,529,CamiloRueda,1,0.936170212765958,0,300.83,CamiloRueda,3.0,3.0,6.0,1.0,3.0,62.5,0.0,25.0,0.0,1.0,0.0,47.0,47.0
526,530,jdsolanos,2,0.0,0,235.0,jdsolanos,1.0,1.0,5.0,2.0,0.0,0.0,0.0,0.0,0.0,0.0,0.0,0.0,0.0
527,531,fmbernalb,2,0.0,0,235.0,fmbernalb,1.0,2.0,2.0,1.0,0.0,0.0,0.0,0.0,0.0,0.0,0.0,0.0,0.0
528,532,juanescai,2,0.0,0,185.0,juanescai,1.0,2.0,5.0,2.0,1.0,61.67,20.0,41.67,0.0,0.0,0.0,0.0,0.0
529,533,maikellPardoA,2,0.0,0,160.0,maikellPardoA,3.0,3.0,3.0,2.0,1.0,83.33,0.0,33.33,25.0,0.0,0.0,0.0,0.0
530,534,annipi,2,0.0,0,235.0,annipi,1.0,0.0,4.0,2.0,0.0,0.0,0.0,0.0,0.0,0.0,0.0,0.0,0.0
531,535,yocuervoc,2,0.0,0,235.0,yocuervoc,0.0,1.0,5.0,2.0,0.0,0.0,0.0,0.0,0.0,0.0,0.0,0.0,0.0
532,536,katherinsb,2,0.0,0,235.0,katherinsb,1.0,2.0,4.0,2.0,1.0,0.0,0.0,0.0,0.0,0.0,0.0,0.0,0.0
533,537,cap182,2,0.0,0,214.17,cap182,0.0,1.0,4.0,2.0,0.0,49.17,20.0,29.17,0.0,0.0,0.0,0.0,0.0
534,538,fffeelipe,2,0.0,0,75.0,fffeelipe,1.0,0.0,5.0,3.0,1.0,172.5,60.0,37.5,0.0,0.0,0.0,0.0,0.0
535,539,jcneivaa,2,0.0,0,235.0,jcneivaa,0.0,0.0,4.0,2.0,0.0,0.0,0.0,0.0,0.0,0.0,0.0,0.0,0.0
536,540,MogGy94,2,0.0,0,235.0,MogGy94,3.0,3.0,4.0,0.0,0.0,0.0,0.0,0.0,0.0,0.0,0.0,0.0,0.0
537,541,juandavidro,2,0.478260869565217,0,119.17,juandavidro,1.0,2.0,2.0,2.0,1.0,175.83,80.0,58.33,0.0,0.890625,0.0,15.0,1.0
538,542,hsmartineza,2,0.5,0,160.83,hsmartineza,0.0,1.0,3.0,2.0,4.0,230.83,60.0,45.83,75.0,0.4181818181818180,0.0,52.0,20.0
539,543,camilo13152,2,0.518987341772152,0,144.17,camilo13152,3.0,5.0,5.0,2.0,4.0,218.33,60.0,33.33,75.0,0.8169014084507040,0.0,70.0,57.0
540,544,jjrodriguezn,2,0.52,0,135.83,jjrodriguezn,2.0,2.0,3.0,1.0,3.0,103.33,20.0,45.83,0.0,0.8205128205128210,0.0,27.0,20.0
541,545,pcberriop,2,0.551724137931035,0,81.67,pcberriop,0.0,1.0,3.0,2.0,4.0,165.83,20.0,33.33,62.5,0.0,0.0,53.0,0.0
542,546,JoseMolano,2,0.556818181818182,0,101.67,JoseMolano,1.0,5.0,4.0,4.0,1.0,289.17,60.0,41.67,100.0,0.04081632653061230,0.0,49.0,2.0
543,547,UNhcrodriguezl,2,0.583333333333333,0,56.67,UNhcrodriguezl,3.0,3.0,5.0,3.0,6.0,190.83,20.0,33.33,62.5,0.22340425531914900,0.0,89.0,16.0
544,548,pipemax85,2,0.628571428571429,0,144.17,pipemax85,1.0,3.0,5.0,2.0,1.0,103.33,20.0,33.33,0.0,0.2142857142857140,0.0,28.0,6.0
545,549,capinillab,2,0.658536585365854,0,0.0,capinillab,0.0,0.0,0.0,0.0,0.0,226.67,60.0,41.67,62.5,0.0,0.0,20.0,0.0
546,550,camilo654,2,0.678571428571429,0,52.5,camilo654,0.0,1.0,4.0,2.0,1.0,161.67,20.0,29.17,62.5,0.0,0.0,18.0,0.0
547,551,DglyP,2,0.6875,0,124.17,DglyP,1.0,3.0,4.0,3.0,3.0,140.0,40.0,50.0,0.0,0.0,0.0,24.0,0.0
548,552,jdsuarezj,2,0.688311688311688,0,122.5,jdsuarezj,1.0,3.0,3.0,2.0,8.0,293.33,60.0,58.33,100.0,0.3787878787878790,0.0,66.0,25.0
549,553,Judgarciani,2,0.690140845070423,0,160.83,Judgarciani,3.0,3.0,4.0,2.0,8.0,221.67,80.0,79.17,0.0,0.5800000000000000,0.0,40.0,19.0
550,554,lfvalderrama,2,0.72972972972973,0,105.83,lfvalderrama,0.0,3.0,5.0,2.0,1.0,250.42,40.0,54.17,68.75,0.4032258064516130,0.0,59.0,22.0
551,555,cdcordobaa,2,0.808510638297872,0,56.67,cdcordobaa,2.0,4.0,5.0,2.0,1.0,190.83,20.0,33.33,62.5,0.0,0.0,32.0,0.0
552,556,NicolasZon,2,0.8125,0,147.5,NicolasZon,3.0,3.0,3.0,1.0,0.0,87.5,0.0,25.0,25.0,0.0,0.0,12.0,0.0
553,557,CristianLozano,2,0.8125,0,144.17,,,,,,0.0,86.67,20.0,29.17,0.0,0.0,0.0,7.0,0.0
554,558,sacastroc,2,0.814102564102564,0,44.17,sacastroc,1.0,2.0,4.0,2.0,9.0,215.83,20.0,33.33,62.5,0.5,0.0,72.0,34.0
555,559,bsgarciac,2,0.815789473684211,0,15.83,bsgarciac,0.0,3.0,4.0,2.0,3.0,272.5,60.0,50.0,87.5,0.4,0.0,100.0,40.0
556,560,mnguzmanc,2,0.833333333333333,0,27.5,mnguzmanc,2.0,1.0,3.0,2.0,12.0,236.67,20.0,41.67,75.0,0.10317460317460300,0.0,126.0,13.0
557,561,odprietoh,2,0.843137254901961,0,185.0,odprietoh,4.0,4.0,5.0,2.0,0.0,0.0,0.0,0.0,0.0,0.18571428571428600,0.0,58.0,1.0
558,562,gabi04,2,0.870967741935484,0,185.0,gabi04,0.0,0.0,5.0,2.0,1.0,74.17,20.0,29.17,0.0,0.2931034482758620,0.0,58.0,17.0
559,563,janoguerab,2,0.883720930232558,0,160.83,janoguerab,3.0,3.0,4.0,2.0,0.0,99.17,20.0,29.17,0.0,0.0,0.0,36.0,0.0
560,564,leavendanoro,2,0.885245901639344,0,135.0,leavendanoro,0.0,1.0,4.0,1.0,6.0,112.5,0.0,25.0,25.0,0.4571428571428570,0.0,32.0,13.0
561,565,Moimolcp,2,0.891304347826087,0,126.67,Moimolcp,1.0,1.0,5.0,1.0,3.0,170.0,20.0,62.5,25.0,0.5375,0.0,78.0,41.0
562,566,jmcuestasb,2,0.901234567901235,0,106.67,jmcuestasb,1.0,3.0,4.0,2.0,2.0,132.5,20.0,50.0,0.0,0.0,0.0,67.0,0.0
563,567,CamiloRueda,2,0.941176470588235,0,185.0,CamiloRueda,3.0,3.0,6.0,1.0,0.0,50.0,0.0,25.0,0.0,0.0,0.0,47.0,0.0
564,568,juanescai,3,0.0,0,231.66,juanescai,1.0,2.0,5.0,2.0,1.0,50.0,0.0,25.0,25.0,0.0,0.0,0.0,0.0
565,569,jdsolanos,3,0.0,0,293.33,jdsolanos,1.0,1.0,5.0,2.0,0.0,0.0,0.0,0.0,0.0,0.0,0.0,0.0,0.0
566,570,maikellPardoA,3,0.0,0,210.0,maikellPardoA,3.0,3.0,3.0,2.0,0.0,25.0,0.0,0.0,0.0,0.0,0.0,0.0,0.0
567,571,cap182,3,0.0,0,244.16,cap182,0.0,1.0,4.0,2.0,0.0,49.17,20.0,29.17,0.0,0.0,0.0,0.0,0.0
568,572,annipi,3,0.0,0,293.33,annipi,1.0,0.0,4.0,2.0,0.0,0.0,0.0,0.0,0.0,0.0,0.0,0.0,0.0
569,573,jcneivaa,3,0.0,0,293.33,jcneivaa,0.0,0.0,4.0,2.0,0.0,0.0,0.0,0.0,0.0,0.0,0.0,0.0,0.0
570,574,fmbernalb,3,0.0,0,293.33,fmbernalb,1.0,2.0,2.0,1.0,0.0,0.0,0.0,0.0,0.0,0.0,0.0,0.0,0.0
571,575,MogGy94,3,0.0,0,293.33,MogGy94,3.0,3.0,4.0,0.0,0.0,0.0,0.0,0.0,0.0,0.0,0.0,0.0,0.0
572,576,yocuervoc,3,0.0,0,293.33,yocuervoc,0.0,1.0,5.0,2.0,0.0,0.0,0.0,0.0,0.0,0.0,0.0,0.0,0.0
573,577,fffeelipe,3,0.0,0,120.83,fffeelipe,1.0,0.0,5.0,3.0,3.0,192.92,20.0,29.17,43.75,0.0,0.0,0.0,0.0
574,578,juandavidro,3,0.478260869565217,0,117.5,juandavidro,1.0,2.0,2.0,2.0,1.0,111.67,20.0,54.17,0.0,0.0,0.0,15.0,0.0
575,579,JoseMolano,3,0.514705882352941,0,4.15999999999997,JoseMolano,1.0,5.0,4.0,4.0,1.0,216.67,0.0,58.33,70.83,0.0,0.0,49.0,0.0
576,580,jjrodriguezn,3,0.545454545454545,0,190.0,jjrodriguezn,2.0,2.0,3.0,1.0,0.0,131.67,40.0,54.17,0.0,0.0357142857142857,0.0,28.0,1.0
577,581,capinillab,3,0.576271186440678,0,66.66,capinillab,0.0,0.0,0.0,0.0,1.0,251.67,60.0,54.17,75.0,0.4285714285714290,0.0,35.0,15.0
578,582,UNhcrodriguezl,3,0.591836734693878,0,102.5,UNhcrodriguezl,3.0,3.0,5.0,3.0,1.0,215.83,20.0,41.67,79.17,0.0,0.0,89.0,0.0
579,583,camilo13152,3,0.597938144329897,0,75.0,camilo13152,3.0,5.0,5.0,2.0,3.0,243.33,60.0,45.83,75.0,0.21590909090909100,0.0,87.0,18.0
580,584,pipemax85,3,0.628571428571429,0,190.0,pipemax85,1.0,3.0,5.0,2.0,0.0,103.33,20.0,33.33,0.0,0.0,0.0,28.0,0.0
581,585,hsmartineza,3,0.636363636363636,0,62.5,hsmartineza,0.0,1.0,3.0,2.0,2.0,176.25,20.0,37.5,56.25,0.44594594594594600,0.0,63.0,22.0
582,586,camilo654,3,0.679245283018868,0,131.66,camilo654,0.0,1.0,4.0,2.0,1.0,243.33,60.0,33.33,75.0,0.6285714285714290,0.0,30.0,17.0
583,587,jdsuarezj,3,0.703296703296703,0,0.0,jdsuarezj,1.0,3.0,3.0,2.0,0.0,276.67,60.0,66.67,75.0,0.0,0.0,66.0,0.0
584,588,Judgarciani,3,0.706666666666667,0,71.66,Judgarciani,3.0,3.0,4.0,2.0,4.0,242.5,80.0,87.5,0.0,0.09090909090909090,0.0,44.0,4.0
585,589,pcberriop,3,0.752688172043011,0,127.5,pcberriop,0.0,1.0,3.0,2.0,1.0,165.83,20.0,33.33,62.5,0.3246753246753250,0.0,76.0,24.0
586,590,lfvalderrama,3,0.774193548387097,0,42.91,lfvalderrama,0.0,3.0,5.0,2.0,1.0,207.5,20.0,50.0,50.0,0.07936507936507940,0.0,62.0,4.0
587,591,cdcordobaa,3,0.808510638297872,0,102.5,cdcordobaa,2.0,4.0,5.0,2.0,0.0,190.83,20.0,33.33,62.5,0.0,0.0,32.0,0.0
588,592,CristianLozano,3,0.8125,0,206.66,,,,,,0.0,147.5,60.0,50.0,0.0,0.0,0.0,7.0,0.0
589,593,NicolasZon,3,0.8125,0,205.83,NicolasZon,3.0,3.0,3.0,1.0,0.0,87.5,0.0,25.0,25.0,0.0,0.0,12.0,0.0
590,594,bsgarciac,3,0.849056603773585,0,20.83,bsgarciac,0.0,3.0,4.0,2.0,5.0,313.33,80.0,70.83,87.5,0.23076923076923100,0.0,130.0,30.0
591,595,odprietoh,3,0.861111111111111,0,293.33,odprietoh,4.0,4.0,5.0,2.0,0.0,0.0,0.0,0.0,0.0,0.0,0.0,58.0,0.0
592,596,katherinsb,3,0.861111111111111,0,293.33,katherinsb,1.0,2.0,4.0,2.0,0.0,128.33,20.0,45.83,25.0,1.0,0.0,21.0,21.0
593,597,sacastroc,3,0.870967741935484,0,77.5,sacastroc,1.0,2.0,4.0,2.0,3.0,220.0,20.0,50.0,62.5,0.40625,0.0,81.0,24.0
594,598,gabi04,3,0.870967741935484,0,219.16,gabi04,0.0,0.0,5.0,2.0,0.0,74.17,20.0,29.17,0.0,0.0,0.0,58.0,0.0
595,599,leavendanoro,3,0.876190476190476,0,180.83,leavendanoro,0.0,1.0,4.0,1.0,1.0,125.0,0.0,25.0,25.0,0.34042553191489400,0.0,46.0,15.0
596,600,janoguerab,3,0.87719298245614,0,194.16,janoguerab,3.0,3.0,4.0,2.0,0.0,99.17,20.0,29.17,0.0,0.0,0.0,36.0,0.0
597,601,Moimolcp,3,0.885496183206107,0,123.33,Moimolcp,1.0,1.0,5.0,1.0,3.0,120.83,0.0,33.33,25.0,0.07317073170731700,0.0,80.0,4.0
598,602,jmcuestasb,3,0.906666666666667,0,160.83,jmcuestasb,1.0,3.0,4.0,2.0,1.0,220.83,100.0,58.33,0.0,0.0,0.0,67.0,0.0
599,603,mnguzmanc,3,0.921052631578947,0,56.66,mnguzmanc,2.0,1.0,3.0,2.0,7.0,245.0,20.0,37.5,100.0,0.8342105263157900,0.0,317.0,254.0
600,604,CamiloRueda,3,0.941176470588235,0,243.33,CamiloRueda,3.0,3.0,6.0,1.0,0.0,70.0,20.0,25.0,0.0,0.0,0.0,47.0,0.0
601,605,DglyP,3,0.985309190297233,0,153.33,DglyP,1.0,3.0,4.0,3.0,1.0,162.5,0.0,25.0,50.0,0.9915611814345990,0.0,2844.0,2820.0
602,606,fffeelipe,4,0.0,0,120.41,fffeelipe,1.0,0.0,5.0,3.0,1.0,199.17,20.0,29.17,50.0,0.0,0.0,0.0,0.0
603,607,yocuervoc,4,0.0,0,313.33,yocuervoc,0.0,1.0,5.0,2.0,0.0,0.0,0.0,0.0,0.0,0.0,0.0,0.0,0.0
604,608,MogGy94,4,0.0,0,313.33,MogGy94,3.0,3.0,4.0,0.0,0.0,0.0,0.0,0.0,0.0,0.0,0.0,0.0,0.0
605,609,fmbernalb,4,0.0,0,313.33,fmbernalb,1.0,2.0,2.0,1.0,0.0,0.0,0.0,0.0,0.0,0.0,0.0,0.0,0.0
606,610,jcneivaa,4,0.0,0,313.33,jcneivaa,0.0,0.0,4.0,2.0,0.0,0.0,0.0,0.0,0.0,0.0,0.0,0.0,0.0
607,611,jdsolanos,4,0.0,0,313.33,jdsolanos,1.0,1.0,5.0,2.0,0.0,0.0,0.0,0.0,0.0,0.0,0.0,0.0,0.0
608,612,annipi,4,0.0,0,313.33,annipi,1.0,0.0,4.0,2.0,0.0,0.0,0.0,0.0,0.0,0.0,0.0,0.0,0.0
609,613,cap182,4,0.0,0,264.16,cap182,0.0,1.0,4.0,2.0,0.0,49.17,20.0,29.17,0.0,0.0,0.0,0.0,0.0
610,614,juanescai,4,0.0,0,263.33,juanescai,1.0,2.0,5.0,2.0,1.0,50.0,0.0,25.0,25.0,0.0,0.0,0.0,0.0
611,615,maikellPardoA,4,0.0,0,288.33,maikellPardoA,3.0,3.0,3.0,2.0,0.0,87.5,0.0,37.5,25.0,0.0,0.0,0.0,0.0
612,616,JoseMolano,4,0.547169811320755,0,96.66,JoseMolano,1.0,5.0,4.0,4.0,1.0,276.67,60.0,66.67,75.0,0.0,0.0,49.0,0.0
613,617,jjrodriguezn,4,0.571428571428571,0,181.66,jjrodriguezn,2.0,2.0,3.0,1.0,1.0,255.83,60.0,58.33,87.5,0.09677419354838710,0.0,31.0,3.0
614,618,UNhcrodriguezl,4,0.591836734693878,0,97.5,UNhcrodriguezl,3.0,3.0,5.0,3.0,0.0,263.33,80.0,33.33,75.0,0.0,0.0,89.0,0.0
615,619,camilo13152,4,0.597938144329897,0,70.0,camilo13152,3.0,5.0,5.0,2.0,2.0,222.5,60.0,50.0,37.5,0.0,0.0,87.0,0.0
616,620,hsmartineza,4,0.657142857142857,0,137.08,hsmartineza,0.0,1.0,3.0,2.0,2.0,180.83,20.0,33.33,52.5,0.07462686567164180,0.0,66.0,4.0
617,621,camilo654,4,0.678571428571429,0,70.0,camilo654,0.0,1.0,4.0,2.0,1.0,199.17,20.0,29.17,75.0,0.0,0.0,30.0,0.0
618,622,juandavidro,4,0.68421052631579,0,201.66,juandavidro,1.0,2.0,2.0,2.0,1.0,153.33,20.0,58.33,25.0,0.0,0.0,15.0,0.0
619,623,jdsuarezj,4,0.688311688311688,0,36.66,jdsuarezj,1.0,3.0,3.0,2.0,0.0,272.5,60.0,50.0,87.5,0.0,0.0,66.0,0.0
620,624,pipemax85,4,0.694915254237288,0,210.0,pipemax85,1.0,3.0,5.0,2.0,0.0,115.83,20.0,33.33,0.0,0.0,0.0,28.0,0.0
621,625,Judgarciani,4,0.720588235294118,0,70.83,Judgarciani,3.0,3.0,4.0,2.0,7.0,325.0,100.0,58.33,66.67,0.2586206896551720,0.0,57.0,14.0
622,626,capinillab,4,0.770642201834862,0,61.66,capinillab,0.0,0.0,0.0,0.0,1.0,264.17,60.0,54.17,75.0,0.5185185185185190,0.0,45.0,19.0
623,627,lfvalderrama,4,0.786407766990291,0,105.83,lfvalderrama,0.0,3.0,5.0,2.0,1.0,352.92,80.0,66.67,106.25,0.12121212121212100,0.0,62.0,4.0
624,628,pcberriop,4,0.808917197452229,0,147.5,pcberriop,0.0,1.0,3.0,2.0,2.0,195.0,20.0,37.5,62.5,0.24,0.0,100.0,24.0
625,629,NicolasZon,4,0.8125,0,225.83,NicolasZon,3.0,3.0,3.0,1.0,0.0,87.5,0.0,25.0,25.0,0.0,0.0,12.0,0.0
626,630,CristianLozano,4,0.8125,0,165.83,,,,,,0.0,90.83,20.0,33.33,0.0,0.0,0.0,7.0,0.0
627,631,cdcordobaa,4,0.846153846153846,0,122.5,cdcordobaa,2.0,4.0,5.0,2.0,0.0,190.83,20.0,33.33,62.5,0.0,0.0,32.0,0.0
628,632,bsgarciac,4,0.85,0,0.0,bsgarciac,0.0,3.0,4.0,2.0,4.0,320.83,100.0,70.83,75.0,0.007633587786259560,0.0,131.0,1.0
629,633,sacastroc,4,0.861386138613861,0,93.33,sacastroc,1.0,2.0,4.0,2.0,1.0,226.25,20.0,50.0,68.75,0.17045454545454500,0.0,80.0,7.0
630,634,gabi04,4,0.871559633027523,0,239.16,gabi04,0.0,0.0,5.0,2.0,1.0,157.5,20.0,29.17,58.33,0.26582278481012700,0.0,79.0,21.0
631,635,janoguerab,4,0.87719298245614,0,214.16,janoguerab,3.0,3.0,4.0,2.0,0.0,111.67,20.0,29.17,0.0,0.0,0.0,36.0,0.0
632,636,Moimolcp,4,0.88961038961039,0,192.5,Moimolcp,1.0,1.0,5.0,1.0,2.0,304.17,100.0,62.5,66.67,0.15217391304347800,0.0,90.0,12.0
633,637,leavendanoro,4,0.891891891891892,0,188.33,leavendanoro,0.0,1.0,4.0,1.0,1.0,206.67,40.0,66.67,25.0,0.2962962962962960,0.0,46.0,8.0
634,638,odprietoh,4,0.900584795321638,0,313.33,odprietoh,4.0,4.0,5.0,2.0,0.0,0.0,0.0,0.0,0.0,0.0,0.0,58.0,0.0
635,639,jmcuestasb,4,0.906666666666667,0,92.5,jmcuestasb,1.0,3.0,4.0,2.0,1.0,254.17,100.0,54.17,25.0,0.02941176470588240,0.0,67.0,1.0
636,640,mnguzmanc,4,0.91747572815534,0,68.33,mnguzmanc,2.0,1.0,3.0,2.0,8.0,290.0,60.0,75.0,67.5,0.01567398119122250,0.0,316.0,2.0
637,641,CamiloRueda,4,0.9375,0,243.33,CamiloRueda,3.0,3.0,6.0,1.0,0.0,54.17,0.0,29.17,0.0,0.0,0.0,47.0,0.0
638,642,katherinsb,4,0.962828282828283,0,185.0,katherinsb,1.0,2.0,4.0,2.0,1.0,136.67,20.0,37.5,16.67,0.9960903562119900,0.0,2290.0,2281.0
639,643,DglyP,4,0.982191250483933,0,150.83,DglyP,1.0,3.0,4.0,3.0,11.0,195.0,20.0,25.0,50.0,0.20536025060911900,0.0,2312.0,29.0
640,644,annumumozme,1,0.0,0,263.33,,,,,,0.0,103.33,20.0,45.83,0.0,0.0,0.0,,
641,645,kastellanos,1,0.0,1,329.17,kastellanos,5.0,5.0,5.0,3.0,0.0,0.0,0.0,0.0,0.0,0.0,1.0,,
642,646,tres-iqus,1,0.0,2,260.0,tres-iqus,1.0,1.0,4.0,0.0,0.0,12.5,0.0,0.0,0.0,0.0,2.0,,
643,647,annumumozme,2,0.0,0,144.17,,,,,,0.0,0.0,0.0,0.0,0.0,0.0,0.0,,
644,648,kastellanos,2,0.0,1,333.33,kastellanos,5.0,5.0,5.0,3.0,0.0,0.0,0.0,0.0,0.0,0.0,1.0,,
645,649,tres-iqus,2,0.0,2,317.5,tres-iqus,1.0,1.0,4.0,0.0,0.0,0.0,0.0,0.0,0.0,0.0,2.0,,
646,650,annumumozme,3,0.0,0,293.33,,,,,,0.0,0.0,0.0,0.0,0.0,0.0,0.0,,
647,651,kastellanos,3,0.0,1,345.83,kastellanos,5.0,5.0,5.0,3.0,0.0,0.0,0.0,0.0,0.0,0.0,1.0,,
648,652,tres-iqus,3,0.0,2,358.33,tres-iqus,1.0,1.0,4.0,0.0,0.0,0.0,0.0,0.0,0.0,0.0,2.0,,
649,653,annumumozme,4,0.0,0,313.33,,,,,,0.0,237.5,40.0,37.5,60.0,0.0,0.0,,
650,654,kastellanos,4,0.0,1,350.0,kastellanos,5.0,5.0,5.0,3.0,0.0,0.0,0.0,0.0,0.0,0.0,1.0,,
651,655,tres-iqus,4,0.0,2,358.33,tres-iqus,1.0,1.0,4.0,0.0,0.0,0.0,0.0,0.0,0.0,0.0,2.0,,