,Student,phase,novelty,group,abs_perform_diff_best,user2,Q7_Q7_1,Q7_Q7_2,Q8_Q8_1,Q10
0,Danielsv9207,1,0.0,3,279.17,Danielsv9207,1.0,1.0,1.0,3.0
1,feartheGru,1,0.0,3,316.67,feartheGru,2.0,2.0,5.0,2.0
2,jdmonroyg,1,0.0,3,329.17,jdmonroyg,0.0,1.0,4.0,1.0
3,wilson911013,1,0.0,3,250.84000000000003,wilson911013,0.0,1.0,2.0,1.0
4,JhonEmmanuelTorres,1,0.0,3,329.17,JhonEmmanuelTorres,5.0,4.0,5.0,2.0
5,capinzor,1,0.4,3,221.67000000000002,capinzor,0.0,0.0,2.0,2.0
6,srmedinac,1,0.42500000000000004,3,304.17,srmedinac,1.0,2.0,4.0,1.0
7,spenas,1,0.4444444444444444,3,200.84,spenas,5.0,4.0,6.0,1.0
8,adriel62,1,0.4444444444444444,3,225.84000000000003,adriel62,1.0,3.0,5.0,2.0
9,macuestap,1,0.5454545454545454,3,160.42000000000002,macuestap,0.0,1.0,4.0,1.0
10,afforeroc,1,0.5454545454545454,3,263.34000000000003,afforeroc,1.0,4.0,3.0,2.0
11,DavidQP,1,0.5833333333333333,3,217.5,DavidQP,2.0,3.0,4.0,3.0
12,dagofonseca,1,0.5925925925925926,3,271.67,dagofonseca,0.0,0.0,2.0,2.0
13,Chranium,1,0.6,3,284.17,Chranium,4.0,5.0,6.0,2.0
14,davidh17,1,0.6164383561643836,3,173.34,davidh17,3.0,3.0,5.0,3.0
15,jumcorredorro,1,0.625,3,143.34,jumcorredorro,1.0,1.0,5.0,2.0
16,lgmoralesa,1,0.6304347826086957,3,192.50000000000003,lgmoralesa,2.0,2.0,4.0,3.0
17,cccristanchoc,1,0.6481481481481481,3,255.0,cccristanchoc,1.0,1.0,4.0,1.0
18,dduartec,1,0.6666666666666667,3,287.5,dduartec,1.0,5.0,4.0,1.0
19,DianaNavarrete,1,0.6666666666666667,3,229.17000000000002,DianaNavarrete,0.0,1.0,5.0,2.0
20,juclopezso,1,0.6666666666666667,3,259.17,juclopezso,1.0,3.0,3.0,2.0
21,jmalvarezd,1,0.6964285714285714,3,0.0,jmalvarezd,3.0,3.0,5.0,2.0
22,lemartinp,1,0.7083333333333333,3,270.84000000000003,lemartinp,0.0,0.0,4.0,1.0
23,sarizag,1,0.7105263157894737,3,221.67000000000002,sarizag,4.0,3.0,6.0,2.0
24,smarquezo,1,0.7142857142857143,3,230.0,smarquezo,0.0,0.0,2.0,0.0
25,afceballosr,1,0.7192982456140351,3,209.17000000000002,afceballosr,1.0,3.0,5.0,2.0
26,ronaldsg20,1,0.7333333333333334,3,146.67000000000002,ronaldsg20,0.0,3.0,5.0,2.0
27,NicolasPrr,1,0.7391304347826086,3,216.67000000000002,NicolasPrr,3.0,4.0,3.0,2.0
28,nfmorenog,1,0.7450980392156863,3,225.0,nfmorenog,0.0,2.0,3.0,1.0
29,lacardenasv,1,0.746031746031746,3,142.50000000000003,lacardenasv,1.0,2.0,5.0,4.0
30,lizzyt10h,1,0.75,3,175.00000000000003,lizzyt10h,2.0,1.0,5.0,2.0
31,ncampuzano,1,0.7551020408163265,3,237.5,ncampuzano,1.0,3.0,4.0,2.0
32,ofnanezn,1,0.7765957446808511,3,316.67,ofnanezn,0.0,1.0,6.0,2.0
33,wapiravaguens,1,0.7974683544303798,3,90.00000000000003,wapiravaguens,0.0,1.0,4.0,2.0
34,jscastelblancoh,1,0.8095238095238095,3,127.50000000000003,jscastelblancoh,0.0,0.0,3.0,2.0
35,oacastillol,1,0.8308457711442786,3,237.5,oacastillol,2.0,1.0,5.0,1.0
36,kgbayala528,1,0.8482142857142857,3,221.67000000000002,kgbayala528,1.0,5.0,6.0,2.0
37,jorge52an,1,0.9259259259259259,3,230.0,jorge52an,4.0,4.0,5.0,2.0
38,juligarji,1,0.9426751592356688,3,167.50000000000003,juligarji,4.0,4.0,5.0,3.0
39,mballeng91,1,0.9689119170984456,3,329.17,mballeng91,2.0,6.0,6.0,2.0
40,AFelipeGA,1,0.9855813953488373,3,291.67,AFelipeGA,4.0,3.0,5.0,2.0
41,Danielsv9207,2,0.0,3,320.83,Danielsv9207,1.0,1.0,1.0,3.0
42,feartheGru,2,0.0,3,320.83,feartheGru,2.0,2.0,5.0,2.0
43,JhonEmmanuelTorres,2,0.0,3,320.83,JhonEmmanuelTorres,5.0,4.0,5.0,2.0
44,wilson911013,2,0.0,3,242.5,wilson911013,0.0,1.0,2.0,1.0
45,jdmonroyg,2,0.0,3,320.83,jdmonroyg,0.0,1.0,4.0,1.0
46,ofnanezn,2,0.33333333333333337,3,200.82999999999998,ofnanezn,0.0,1.0,6.0,2.0
47,srmedinac,2,0.42500000000000004,3,217.5,srmedinac,1.0,2.0,4.0,1.0
48,spenas,2,0.4444444444444444,3,217.5,spenas,5.0,4.0,6.0,1.0
49,capinzor,2,0.5,3,213.32999999999998,capinzor,0.0,0.0,2.0,2.0
50,cccristanchoc,2,0.5517241379310345,3,230.0,cccristanchoc,1.0,1.0,4.0,1.0
51,DavidQP,2,0.6363636363636364,3,213.32999999999998,DavidQP,2.0,3.0,4.0,3.0
52,adriel62,2,0.6590909090909092,3,129.99999999999997,adriel62,1.0,3.0,5.0,2.0
53,afforeroc,2,0.6666666666666667,3,230.0,afforeroc,1.0,4.0,3.0,2.0
54,Chranium,2,0.6666666666666667,3,225.82999999999998,Chranium,4.0,5.0,6.0,2.0
55,DianaNavarrete,2,0.6666666666666667,3,204.99999999999997,DianaNavarrete,0.0,1.0,5.0,2.0
56,lgmoralesa,2,0.6764705882352942,3,65.0,lgmoralesa,2.0,2.0,4.0,3.0
57,sarizag,2,0.6764705882352942,3,192.49999999999997,sarizag,4.0,3.0,6.0,2.0
58,macuestap,2,0.6764705882352942,3,188.32999999999998,macuestap,0.0,1.0,4.0,1.0
59,juclopezso,2,0.7,3,221.65999999999997,juclopezso,1.0,3.0,3.0,2.0
60,smarquezo,2,0.7142857142857143,3,221.65999999999997,smarquezo,0.0,0.0,2.0,0.0
61,lizzyt10h,2,0.72,3,258.33,lizzyt10h,2.0,1.0,5.0,2.0
62,davidh17,2,0.7375,3,87.49999999999997,davidh17,3.0,3.0,5.0,3.0
63,jmalvarezd,2,0.7402597402597403,3,134.99999999999997,jmalvarezd,3.0,3.0,5.0,2.0
64,nfmorenog,2,0.7469879518072289,3,199.99999999999997,nfmorenog,0.0,2.0,3.0,1.0
65,lemartinp,2,0.76,3,201.66,lemartinp,0.0,0.0,4.0,1.0
66,afceballosr,2,0.7611940298507462,3,230.0,afceballosr,1.0,3.0,5.0,2.0
67,NicolasPrr,2,0.7727272727272727,3,233.32999999999998,NicolasPrr,3.0,4.0,3.0,2.0
68,ronaldsg20,2,0.7931034482758621,3,171.66,ronaldsg20,0.0,3.0,5.0,2.0
69,kgbayala528,2,0.8203125,3,210.0,kgbayala528,1.0,5.0,6.0,2.0
70,jumcorredorro,2,0.8205128205128205,3,24.159999999999968,jumcorredorro,1.0,1.0,5.0,2.0
71,lacardenasv,2,0.8333333333333334,3,69.15999999999997,lacardenasv,1.0,2.0,5.0,4.0
72,jscastelblancoh,2,0.8387096774193549,3,69.15999999999997,jscastelblancoh,0.0,0.0,3.0,2.0
73,oacastillol,2,0.8461538461538461,3,216.65999999999997,oacastillol,2.0,1.0,5.0,1.0
74,wapiravaguens,2,0.847457627118644,3,140.82999999999998,wapiravaguens,0.0,1.0,4.0,2.0
75,dduartec,2,0.8571428571428572,3,0.0,dduartec,1.0,5.0,4.0,1.0
76,ncampuzano,2,0.8761061946902655,3,209.15999999999997,ncampuzano,1.0,3.0,4.0,2.0
77,dagofonseca,2,0.9175627240143369,3,143.32999999999998,dagofonseca,0.0,0.0,2.0,2.0
78,jorge52an,2,0.9611111111111111,3,145.82999999999998,jorge52an,4.0,4.0,5.0,2.0
79,juligarji,2,0.9715575620767495,3,91.24999999999997,juligarji,4.0,4.0,5.0,3.0
80,mballeng91,2,0.984375,3,233.32999999999998,mballeng91,2.0,6.0,6.0,2.0
81,AFelipeGA,2,0.9868359191349318,3,180.82999999999998,AFelipeGA,4.0,3.0,5.0,2.0
82,Danielsv9207,3,0.0,3,330.0,Danielsv9207,1.0,1.0,1.0,3.0
83,jdmonroyg,3,0.0,3,330.0,jdmonroyg,0.0,1.0,4.0,1.0
84,feartheGru,3,0.0,3,330.0,feartheGru,2.0,2.0,5.0,2.0
85,JhonEmmanuelTorres,3,0.0,3,330.0,JhonEmmanuelTorres,5.0,4.0,5.0,2.0
86,lacardenasv,3,0.11228716060745514,3,65.82999999999998,lacardenasv,1.0,2.0,5.0,4.0
87,oacastillol,3,0.2660550458715596,3,209.17000000000002,oacastillol,2.0,1.0,5.0,1.0
88,srmedinac,3,0.32352941176470584,3,214.17000000000002,srmedinac,1.0,2.0,4.0,1.0
89,ofnanezn,3,0.33333333333333337,3,181.67,ofnanezn,0.0,1.0,6.0,2.0
90,spenas,3,0.6521739130434783,3,214.17000000000002,spenas,5.0,4.0,6.0,1.0
91,NicolasPrr,3,0.6570188133140376,3,221.67000000000002,NicolasPrr,3.0,4.0,3.0,2.0
92,Chranium,3,0.6666666666666667,3,235.0,Chranium,4.0,5.0,6.0,2.0
93,afforeroc,3,0.6666666666666667,3,226.67000000000002,afforeroc,1.0,4.0,3.0,2.0
94,DianaNavarrete,3,0.6666666666666667,3,182.5,DianaNavarrete,0.0,1.0,5.0,2.0
95,lgmoralesa,3,0.6796116504854368,3,20.0,lgmoralesa,2.0,2.0,4.0,3.0
96,DavidQP,3,0.6799999999999999,3,205.82999999999998,DavidQP,2.0,3.0,4.0,3.0
97,macuestap,3,0.6857142857142857,3,185.0,macuestap,0.0,1.0,4.0,1.0
98,sarizag,3,0.6944444444444444,3,201.67,sarizag,4.0,3.0,6.0,2.0
99,smarquezo,3,0.7142857142857143,3,218.32999999999998,smarquezo,0.0,0.0,2.0,0.0
100,lemartinp,3,0.7352941176470589,3,193.33,lemartinp,0.0,0.0,4.0,1.0
101,juclopezso,3,0.7377049180327868,3,218.32999999999998,juclopezso,1.0,3.0,3.0,2.0
102,cccristanchoc,3,0.7454545454545455,3,226.67000000000002,cccristanchoc,1.0,1.0,4.0,1.0
103,jmalvarezd,3,0.7529411764705882,3,55.0,jmalvarezd,3.0,3.0,5.0,2.0
104,nfmorenog,3,0.7529411764705882,3,196.67,nfmorenog,0.0,2.0,3.0,1.0
105,afceballosr,3,0.7777777777777778,3,226.67000000000002,afceballosr,1.0,3.0,5.0,2.0
106,davidh17,3,0.794392523364486,3,109.16999999999999,davidh17,3.0,3.0,5.0,3.0
107,lizzyt10h,3,0.8125,3,184.17,lizzyt10h,2.0,1.0,5.0,2.0
108,kgbayala528,3,0.8235294117647058,3,78.33000000000001,kgbayala528,1.0,5.0,6.0,2.0
109,ncampuzano,3,0.85,3,213.32999999999998,ncampuzano,1.0,3.0,4.0,2.0
110,wapiravaguens,3,0.859504132231405,3,137.5,wapiravaguens,0.0,1.0,4.0,2.0
111,dduartec,3,0.8642857142857143,3,25.0,dduartec,1.0,5.0,4.0,1.0
112,ronaldsg20,3,0.8760330578512396,3,172.5,ronaldsg20,0.0,3.0,5.0,2.0
113,jumcorredorro,3,0.8854961832061069,3,0.0,jumcorredorro,1.0,1.0,5.0,2.0
114,wilson911013,3,0.8888888888888888,3,239.17000000000002,wilson911013,0.0,1.0,2.0,1.0
115,jscastelblancoh,3,0.9079497907949791,3,99.16999999999999,jscastelblancoh,0.0,0.0,3.0,2.0
116,dagofonseca,3,0.9125874125874126,3,102.5,dagofonseca,0.0,0.0,2.0,2.0
117,jorge52an,3,0.9559228650137741,3,167.5,jorge52an,4.0,4.0,5.0,2.0
118,capinzor,3,0.9699194694457604,3,122.5,capinzor,0.0,0.0,2.0,2.0
119,AFelipeGA,3,0.9715575620767495,3,177.5,AFelipeGA,4.0,3.0,5.0,2.0
120,juligarji,3,0.9717463848720801,3,126.66999999999999,juligarji,4.0,4.0,5.0,3.0
121,adriel62,3,0.9768904690277588,3,139.17,adriel62,1.0,3.0,5.0,2.0
122,mballeng91,3,0.9814814814814815,3,230.0,mballeng91,2.0,6.0,6.0,2.0
123,Danielsv9207,4,0.0,3,358.33,Danielsv9207,1.0,1.0,1.0,3.0
124,JhonEmmanuelTorres,4,0.0,3,358.33,JhonEmmanuelTorres,5.0,4.0,5.0,2.0
125,feartheGru,4,0.0,3,358.33,feartheGru,2.0,2.0,5.0,2.0
126,AFelipeGA,4,0.11228716060745514,3,205.82999999999998,AFelipeGA,4.0,3.0,5.0,2.0
127,lacardenasv,4,0.1175663311985361,3,98.32999999999998,lacardenasv,1.0,2.0,5.0,4.0
128,oacastillol,4,0.2688821752265861,3,237.5,oacastillol,2.0,1.0,5.0,1.0
129,dagofonseca,4,0.29565217391304344,3,93.32999999999998,dagofonseca,0.0,0.0,2.0,2.0
130,srmedinac,4,0.32352941176470584,3,242.5,srmedinac,1.0,2.0,4.0,1.0
131,ofnanezn,4,0.32352941176470584,3,229.99999999999997,ofnanezn,0.0,1.0,6.0,2.0
132,smarquezo,4,0.5,3,246.65999999999997,smarquezo,0.0,0.0,2.0,0.0
133,jdmonroyg,4,0.6,3,358.33,jdmonroyg,0.0,1.0,4.0,1.0
134,Chranium,4,0.6666666666666667,3,263.33,Chranium,4.0,5.0,6.0,2.0
135,DianaNavarrete,4,0.6666666666666667,3,242.5,DianaNavarrete,0.0,1.0,5.0,2.0
136,afforeroc,4,0.6666666666666667,3,259.15999999999997,afforeroc,1.0,4.0,3.0,2.0
137,spenas,4,0.6799999999999999,3,242.5,spenas,5.0,4.0,6.0,1.0
138,macuestap,4,0.7027027027027026,3,209.16,macuestap,0.0,1.0,4.0,1.0
139,DavidQP,4,0.746031746031746,3,86.65999999999997,DavidQP,2.0,3.0,4.0,3.0
140,jmalvarezd,4,0.75,3,139.99999999999997,jmalvarezd,3.0,3.0,5.0,2.0
141,nfmorenog,4,0.7529411764705882,3,237.5,nfmorenog,0.0,2.0,3.0,1.0
142,sarizag,4,0.7608695652173914,3,167.49999999999997,sarizag,4.0,3.0,6.0,2.0
143,cccristanchoc,4,0.7832167832167832,3,242.5,cccristanchoc,1.0,1.0,4.0,1.0
144,lgmoralesa,4,0.7857142857142857,3,20.829999999999984,lgmoralesa,2.0,2.0,4.0,3.0
145,lemartinp,4,0.7872340425531915,3,57.5,lemartinp,0.0,0.0,4.0,1.0
146,afceballosr,4,0.7959183673469388,3,93.32999999999998,afceballosr,1.0,3.0,5.0,2.0
147,NicolasPrr,4,0.8164556962025317,3,237.5,NicolasPrr,3.0,4.0,3.0,2.0
148,davidh17,4,0.8175182481751825,3,283.33,davidh17,3.0,3.0,5.0,3.0
149,kgbayala528,4,0.8235294117647058,3,114.99999999999997,kgbayala528,1.0,5.0,6.0,2.0
150,ronaldsg20,4,0.8275862068965517,3,192.49999999999997,ronaldsg20,0.0,3.0,5.0,2.0
151,juclopezso,4,0.8333333333333334,3,206.66,juclopezso,1.0,3.0,3.0,2.0
152,lizzyt10h,4,0.8522727272727273,3,212.49999999999997,lizzyt10h,2.0,1.0,5.0,2.0
153,wapiravaguens,4,0.856,3,140.82999999999998,wapiravaguens,0.0,1.0,4.0,2.0
154,ncampuzano,4,0.8780487804878049,3,213.32999999999998,ncampuzano,1.0,3.0,4.0,2.0
155,jumcorredorro,4,0.8888888888888888,3,53.329999999999984,jumcorredorro,1.0,1.0,5.0,2.0
156,wilson911013,4,0.8888888888888888,3,275.83,wilson911013,0.0,1.0,2.0,1.0
157,adriel62,4,0.9063545150501673,3,147.49999999999997,adriel62,1.0,3.0,5.0,2.0
158,jscastelblancoh,4,0.9068825910931174,3,41.65999999999997,jscastelblancoh,0.0,0.0,3.0,2.0
159,jorge52an,4,0.9534883720930233,3,114.99999999999997,jorge52an,4.0,4.0,5.0,2.0
160,capinzor,4,0.9647251845775225,3,163.32999999999998,capinzor,0.0,0.0,2.0,2.0
161,dduartec,4,0.9695121951219512,3,270.83,dduartec,1.0,5.0,4.0,1.0
162,juligarji,4,0.9704100652376515,3,0.0,juligarji,4.0,4.0,5.0,3.0
163,mballeng91,4,0.9852941176470589,3,245.82999999999998,mballeng91,2.0,6.0,6.0,2.0
164,jhcardenasa,1,0.0,2,260.0,jhcardenasa,4.0,4.0,5.0,3.0
165,ccvacad,1,0.0,2,260.0,ccvacad,1.0,0.0,4.0,2.0
166,crarojasca,1,0.0,2,215.0,crarojasca,1.0,3.0,5.0,2.0
167,jjmuesesq,1,0.0,2,177.5,jjmuesesq,0.0,3.0,2.0,2.0
168,mdbelloc,1,0.303030303030303,2,168.32999999999998,mdbelloc,1.0,3.0,2.0,2.0
169,HashNick,1,0.34375,2,260.0,HashNick,1.0,3.0,5.0,3.0
170,sagilm,1,0.4,2,210.0,sagilm,0.0,0.0,3.0,1.0
171,JulianaNino,1,0.5,2,205.82999999999998,JulianaNino,1.0,1.0,3.0,1.0
172,luegilca,1,0.6097560975609756,2,130.83,luegilca,0.0,1.0,6.0,2.0
173,joaortizro,1,0.6296296296296297,2,152.5,joaortizro,0.0,2.0,2.0,1.0
174,kmendezp96,1,0.6486486486486487,2,74.16999999999999,kmendezp96,1.0,5.0,6.0,1.0
175,ykchautai,1,0.6956521739130435,2,98.33000000000001,ykchautai,4.0,4.0,4.0,1.0
176,diegocruz10,1,0.7027027027027026,2,169.17000000000002,diegocruz10,3.0,3.0,3.0,1.0
177,jusherrerama,1,0.7142857142857143,2,177.5,,,,,
178,davidrh195,1,0.8,2,260.0,davidrh195,3.0,3.0,5.0,1.0
179,begarzonf,1,0.9481641468682506,2,102.5,begarzonf,2.0,3.0,4.0,2.0
180,xdanielsb,1,0.9545454545454546,2,0.0,xdanielsb,3.0,3.0,3.0,2.0
181,lsfinite,1,0.9741986966351909,2,197.5,lsfinite,1.0,1.0,6.0,3.0
182,ligibrial,1,0.9828937990021382,2,126.66999999999999,ligibrial,1.0,5.0,3.0,2.0
183,debeltranc,1,0.994535519125683,2,97.5,debeltranc,1.0,4.0,4.0,1.0
184,CSebasGomez,2,0.0,2,317.5,CSebasGomez,3.0,3.0,5.0,2.0
185,jhcardenasa,2,0.0,2,317.5,jhcardenasa,4.0,4.0,5.0,3.0
186,ccvacad,2,0.0,2,317.5,ccvacad,1.0,0.0,4.0,2.0
187,crarojasca,2,0.0,2,272.5,crarojasca,1.0,3.0,5.0,2.0
188,jusherrerama,2,0.012313104661389573,2,168.33,,,,,
189,ligibrial,2,0.023427331887201697,2,221.67000000000002,ligibrial,1.0,5.0,3.0,2.0
190,JuanitoAli,2,0.036449399656946824,2,45.829999999999984,JuanitoAli,1.0,1.0,5.0,2.0
191,jjmuesesq,2,0.25,2,143.33,jjmuesesq,0.0,3.0,2.0,2.0
192,HashNick,2,0.34375,2,221.67000000000002,HashNick,1.0,3.0,5.0,3.0
193,mdbelloc,2,0.34375,2,205.0,mdbelloc,1.0,3.0,2.0,2.0
194,Phoenixest,2,0.4,2,218.32999999999998,Phoenixest,0.0,1.0,3.0,1.0
195,jhonsd1996,2,0.4,2,255.0,jhonsd1996,3.0,4.0,4.0,2.0
196,bdvegat,2,0.4285714285714286,2,235.0,bdvegat,1.0,2.0,4.0,1.0
197,luealfonsoru,2,0.43023255813953487,2,192.5,luealfonsoru,3.0,4.0,4.0,2.0
198,leguzman,2,0.5841584158415842,2,85.83000000000001,leguzman,0.0,2.0,5.0,2.0
199,oserasoa,2,0.5857142857142856,2,234.17000000000002,oserasoa,4.0,3.0,3.0,1.0
200,ykchautai,2,0.59375,2,210.0,ykchautai,4.0,4.0,4.0,1.0
201,kancas,2,0.625,2,86.66999999999999,kancas,0.0,0.0,5.0,2.0
202,sagilm,2,0.6341463414634146,2,259.17,sagilm,0.0,0.0,3.0,1.0
203,luegilca,2,0.64,2,217.5,luegilca,0.0,1.0,6.0,2.0
204,joaortizro,2,0.64,2,61.670000000000016,joaortizro,0.0,2.0,2.0,1.0
205,Davsatu313,2,0.6470588235294117,2,93.33000000000001,Davsatu313,0.0,3.0,5.0,2.0
206,cesarochoa2006,2,0.6507936507936508,2,74.16999999999999,cesarochoa2006,0.0,1.0,6.0,0.0
207,jucjimenezmo,2,0.6666666666666667,2,230.82999999999998,jucjimenezmo,0.0,0.0,3.0,2.0
208,kmendezp96,2,0.6708860759493671,2,119.16999999999999,kmendezp96,1.0,5.0,6.0,1.0
209,diegocruz10,2,0.7560975609756098,2,201.67,diegocruz10,3.0,3.0,3.0,1.0
210,Dandarprox,2,0.7640449438202247,2,194.17,Dandarprox,0.0,1.0,4.0,2.0
211,jhriverasa,2,0.7741935483870968,2,105.83000000000001,jhriverasa,1.0,3.0,2.0,2.0
212,davidrh195,2,0.7777777777777778,2,210.0,davidrh195,3.0,3.0,5.0,1.0
213,JulianaNino,2,0.7804878048780488,2,238.32999999999998,JulianaNino,1.0,1.0,3.0,1.0
214,juasmartinezbel,2,0.7818181818181819,2,33.329999999999984,juasmartinezbel,0.0,5.0,5.0,2.0
215,jscontrerasp,2,0.7962962962962963,2,330.0,jscontrerasp,1.0,1.0,4.0,0.0
216,Gantiva,2,0.819672131147541,2,196.67,Gantiva,2.0,4.0,3.0,2.0
217,fabianr23,2,0.8865979381443299,2,0.0,fabianr23,5.0,4.0,5.0,2.0
218,raulramirezp,2,0.9324324324324325,2,110.83000000000001,raulramirezp,1.0,2.0,5.0,2.0
219,xdanielsb,2,0.9324894514767933,2,242.5,xdanielsb,3.0,3.0,3.0,2.0
220,begarzonf,2,0.9427966101694916,2,222.5,begarzonf,2.0,3.0,4.0,2.0
221,idrojasf,2,0.958217270194986,2,161.67,idrojasf,1.0,1.0,4.0,4.0
222,Yelis3,2,0.9626730201951441,2,118.33000000000001,Yelis3,1.0,4.0,6.0,3.0
223,lsfinite,2,0.9631363370392042,2,230.0,lsfinite,1.0,1.0,6.0,3.0
224,debeltranc,2,0.9900990099009901,2,255.0,debeltranc,1.0,4.0,4.0,1.0
225,crarojasca,3,0.0,2,313.33,crarojasca,1.0,3.0,5.0,2.0
226,jhcardenasa,3,0.0,2,358.33,jhcardenasa,4.0,4.0,5.0,3.0
227,CSebasGomez,3,0.0,2,358.33,CSebasGomez,3.0,3.0,5.0,2.0
228,jusherrerama,3,0.014041246160596765,2,238.32999999999998,,,,,
229,ligibrial,3,0.014473684210526305,2,237.5,ligibrial,1.0,5.0,3.0,2.0
230,JuanitoAli,3,0.05776475512766843,2,103.32999999999998,JuanitoAli,1.0,1.0,5.0,2.0
231,HashNick,3,0.303030303030303,2,255.0,HashNick,1.0,3.0,5.0,3.0
232,mdbelloc,3,0.34375,2,224.99999999999997,mdbelloc,1.0,3.0,2.0,2.0
233,Phoenixest,3,0.4,2,263.33,Phoenixest,0.0,1.0,3.0,1.0
234,jhonsd1996,3,0.4,2,204.99999999999997,jhonsd1996,3.0,4.0,4.0,2.0
235,jucjimenezmo,3,0.4444444444444444,2,258.0,jucjimenezmo,0.0,0.0,3.0,2.0
236,luealfonsoru,3,0.449438202247191,2,212.49999999999997,luealfonsoru,3.0,4.0,4.0,2.0
237,oserasoa,3,0.5857142857142856,2,234.15999999999997,oserasoa,4.0,3.0,3.0,1.0
238,leguzman,3,0.6216216216216216,2,208.32999999999998,leguzman,0.0,2.0,5.0,2.0
239,sagilm,3,0.6326530612244898,2,212.49999999999997,sagilm,0.0,0.0,3.0,1.0
240,joaortizro,3,0.6363636363636364,2,53.329999999999984,joaortizro,0.0,2.0,2.0,1.0
241,bdvegat,3,0.6363636363636364,2,263.33,bdvegat,1.0,2.0,4.0,1.0
242,ykchautai,3,0.6388888888888888,2,163.32999999999998,ykchautai,4.0,4.0,4.0,1.0
243,jscontrerasp,3,0.6578947368421053,2,358.33,jscontrerasp,1.0,1.0,4.0,0.0
244,kancas,3,0.6666666666666667,2,127.49999999999997,kancas,0.0,0.0,5.0,2.0
245,luegilca,3,0.6708860759493671,2,237.5,luegilca,0.0,1.0,6.0,2.0
246,Davsatu313,3,0.6861313868613139,2,37.5,Davsatu313,0.0,3.0,5.0,2.0
247,kmendezp96,3,0.7425742574257426,2,122.49999999999997,kmendezp96,1.0,5.0,6.0,1.0
248,jjmuesesq,3,0.75,2,279.15999999999997,jjmuesesq,0.0,3.0,2.0,2.0
249,ccvacad,3,0.7731958762886598,2,358.33,ccvacad,1.0,0.0,4.0,2.0
250,JulianaNino,3,0.7777777777777778,2,234.15999999999997,JulianaNino,1.0,1.0,3.0,1.0
251,diegocruz10,3,0.7959183673469388,2,246.65999999999997,diegocruz10,3.0,3.0,3.0,1.0
252,davidrh195,3,0.8095238095238095,2,250.82999999999998,davidrh195,3.0,3.0,5.0,1.0
253,Gantiva,3,0.8170731707317074,2,129.16,Gantiva,2.0,4.0,3.0,2.0
254,juasmartinezbel,3,0.8232931726907631,2,65.0,juasmartinezbel,0.0,5.0,5.0,2.0
255,cesarochoa2006,3,0.8438818565400844,2,81.65999999999997,cesarochoa2006,0.0,1.0,6.0,0.0
256,Dandarprox,3,0.8450704225352113,2,222.49999999999997,Dandarprox,0.0,1.0,4.0,2.0
257,raulramirezp,3,0.9015873015873016,2,134.99999999999997,raulramirezp,1.0,2.0,5.0,2.0
258,jhriverasa,3,0.9016393442622951,2,45.829999999999984,jhriverasa,1.0,3.0,2.0,2.0
259,fabianr23,3,0.92018779342723,2,0.0,fabianr23,5.0,4.0,5.0,2.0
260,xdanielsb,3,0.9339622641509434,2,283.33,xdanielsb,3.0,3.0,3.0,2.0
261,begarzonf,3,0.9433962264150944,2,184.16,begarzonf,2.0,3.0,4.0,2.0
262,idrojasf,3,0.9539106145251397,2,202.49999999999997,idrojasf,1.0,1.0,4.0,4.0
263,Yelis3,3,0.9617884356790677,2,90.0,Yelis3,1.0,4.0,6.0,3.0
264,lsfinite,3,0.9627575277337559,2,258.33,lsfinite,1.0,1.0,6.0,3.0
265,debeltranc,3,0.9904761904761905,2,258.33,debeltranc,1.0,4.0,4.0,1.0
266,CSebasGomez,4,0.0,2,358.33,CSebasGomez,3.0,3.0,5.0,2.0
267,jhcardenasa,4,0.0,2,358.33,jhcardenasa,4.0,4.0,5.0,3.0
268,crarojasca,4,0.0,2,313.33,crarojasca,1.0,3.0,5.0,2.0
269,jusherrerama,4,0.014473684210526305,2,250.82999999999998,,,,,
270,kmendezp96,4,0.04375531011045031,2,151.66,kmendezp96,1.0,5.0,6.0,1.0
271,JuanitoAli,4,0.05815899581589956,2,33.329999999999984,JuanitoAli,1.0,1.0,5.0,2.0
272,HashNick,4,0.303030303030303,2,226.66,HashNick,1.0,3.0,5.0,3.0
273,mdbelloc,4,0.303030303030303,2,229.16,mdbelloc,1.0,3.0,2.0,2.0
274,sagilm,4,0.4107142857142857,2,208.32999999999998,sagilm,0.0,0.0,3.0,1.0
275,luealfonsoru,4,0.41758241758241754,2,220.82999999999998,luealfonsoru,3.0,4.0,4.0,2.0
276,jucjimenezmo,4,0.48051948051948057,2,154.99999999999997,jucjimenezmo,0.0,0.0,3.0,2.0
277,Phoenixest,4,0.5714285714285714,2,263.33,Phoenixest,0.0,1.0,3.0,1.0
278,jhonsd1996,4,0.5714285714285714,2,200.82999999999998,jhonsd1996,3.0,4.0,4.0,2.0
279,oserasoa,4,0.6049382716049383,2,242.5,oserasoa,4.0,3.0,3.0,1.0
280,leguzman,4,0.6222222222222222,2,68.32999999999998,leguzman,0.0,2.0,5.0,2.0
281,bdvegat,4,0.6363636363636364,2,263.33,bdvegat,1.0,2.0,4.0,1.0
282,joaortizro,4,0.6363636363636364,2,78.32999999999998,joaortizro,0.0,2.0,2.0,1.0
283,jscontrerasp,4,0.6388888888888888,2,358.33,jscontrerasp,1.0,1.0,4.0,0.0
284,kancas,4,0.6666666666666667,2,151.66,kancas,0.0,0.0,5.0,2.0
285,luegilca,4,0.7049180327868853,2,241.65999999999997,luegilca,0.0,1.0,6.0,2.0
286,ykchautai,4,0.7719298245614035,2,159.16,ykchautai,4.0,4.0,4.0,1.0
287,JulianaNino,4,0.7777777777777778,2,234.15999999999997,JulianaNino,1.0,1.0,3.0,1.0
288,Davsatu313,4,0.7857142857142857,2,57.5,Davsatu313,0.0,3.0,5.0,2.0
289,ccvacad,4,0.7927927927927928,2,358.33,ccvacad,1.0,0.0,4.0,2.0
290,diegocruz10,4,0.7959183673469388,2,251.65999999999997,diegocruz10,3.0,3.0,3.0,1.0
291,davidrh195,4,0.8095238095238095,2,250.82999999999998,davidrh195,3.0,3.0,5.0,1.0
292,Gantiva,4,0.8170731707317074,2,120.82999999999998,Gantiva,2.0,4.0,3.0,2.0
293,juasmartinezbel,4,0.8301158301158301,2,37.5,juasmartinezbel,0.0,5.0,5.0,2.0
294,Dandarprox,4,0.8347826086956522,2,144.99999999999997,Dandarprox,0.0,1.0,4.0,2.0
295,cesarochoa2006,4,0.8373983739837398,2,74.37,cesarochoa2006,0.0,1.0,6.0,0.0
296,jjmuesesq,4,0.8444444444444444,2,250.82999999999998,jjmuesesq,0.0,3.0,2.0,2.0
297,ligibrial,4,0.8553437117369249,2,250.0,ligibrial,1.0,5.0,3.0,2.0
298,fabianr23,4,0.8723404255319149,2,0.0,fabianr23,5.0,4.0,5.0,2.0
299,jhriverasa,4,0.8881118881118881,2,25.0,jhriverasa,1.0,3.0,2.0,2.0
300,raulramirezp,4,0.8958333333333334,2,209.99999999999997,raulramirezp,1.0,2.0,5.0,2.0
301,Yelis3,4,0.9320549599879209,2,124.16,Yelis3,1.0,4.0,6.0,3.0
302,begarzonf,4,0.9437751004016064,2,143.32999999999998,begarzonf,2.0,3.0,4.0,2.0
303,xdanielsb,4,0.9496268656716418,2,283.33,xdanielsb,3.0,3.0,3.0,2.0
304,idrojasf,4,0.9533169533169533,2,204.99999999999997,idrojasf,1.0,1.0,4.0,4.0
305,lsfinite,4,0.9617969975352901,2,358.33,lsfinite,1.0,1.0,6.0,3.0
306,debeltranc,4,0.9918367346938776,2,258.33,debeltranc,1.0,4.0,4.0,1.0
307,Zeugmax,1,0.0,1,329.17,Zeugmax,1.0,3.0,5.0,2.0
308,andfsanchezlem,1,0.0,1,259.17,andfsanchezlem,0.0,1.0,3.0,1.0
309,maikellPardo,1,0.0,1,241.67000000000002,maikellPardo,4.0,4.0,4.0,2.0
310,bdcajicam,1,0.0,1,304.17,bdcajicam,0.0,2.0,5.0,2.0
311,ItsNavi,1,0.0,1,329.17,ItsNavi,1.0,2.0,5.0,2.0
312,adamantwharf,1,0.0,1,246.67000000000002,,,,,
313,nabautistal,1,0.0,1,271.67,nabautistal,0.0,0.0,3.0,1.0
314,joahernandezca,1,0.10948905109489049,1,179.17000000000002,joahernandezca,1.0,1.0,0.0,0.0
315,diegoaguevarar,1,0.18840579710144922,1,241.67000000000002,diegoaguevarar,0.0,1.0,5.0,2.0
316,gcantem,1,0.19565217391304346,1,0.0,gcantem,0.0,2.0,5.0,2.0
317,jmhurtadoc,1,0.23456790123456794,1,166.67000000000002,jmhurtadoc,6.0,6.0,6.0,2.0
318,crigar,1,0.25,1,259.17,crigar,1.0,0.0,2.0,4.0
319,dfhincapiem,1,0.25,1,329.17,dfhincapiem,4.0,1.0,5.0,1.0
320,fevargasmo,1,0.5454545454545454,1,164.17000000000002,fevargasmo,2.0,3.0,4.0,4.0
321,anfmorenoso,1,0.5483870967741935,1,231.67000000000002,anfmorenoso,0.0,2.0,5.0,2.0
322,dasalgadob,1,0.5555555555555556,1,229.17000000000002,dasalgadob,1.0,2.0,4.0,3.0
323,gasierram,1,0.5555555555555556,1,134.17000000000002,gasierram,3.0,4.0,5.0,4.0
324,JairVillalba,1,0.5625,1,266.67,JairVillalba,1.0,1.0,3.0,2.0
325,jsnarvaezb,1,0.6190476190476191,1,155.00000000000003,jsnarvaezb,0.0,1.0,3.0,2.0
326,stevenbustos,1,0.625,1,196.67000000000002,stevenbustos,0.0,1.0,0.0,1.0
327,jsviveroj,1,0.6326530612244898,1,225.84000000000003,jsviveroj,1.0,3.0,4.0,2.0
328,jcrubioa,1,0.6638888888888889,1,192.50000000000003,jcrubioa,0.0,0.0,5.0,2.0
329,wolfstain,1,0.6808510638297872,1,255.0,wolfstain,3.0,3.0,6.0,0.0
330,helmeraac,1,0.7142857142857143,1,259.17,helmeraac,5.0,4.0,6.0,4.0
331,djguzmanc,1,0.7169811320754718,1,48.34000000000003,djguzmanc,0.0,5.0,6.0,3.0
332,gsuarezc04,1,0.7636363636363637,1,329.17,gsuarezc04,1.0,1.0,3.0,2.0
333,jufcontrerasco,1,0.7692307692307692,1,237.5,jufcontrerasco,0.0,0.0,5.0,2.0
334,jonatan360,1,0.8247422680412371,1,43.34000000000003,jonatan360,4.0,4.0,6.0,4.0
335,daandradec,1,0.8431372549019608,1,191.67000000000002,daandradec,2.0,2.0,6.0,2.0
336,dsbarrerag,1,0.8541666666666666,1,103.34,dsbarrerag,0.0,4.0,5.0,2.0
337,gfalbarracinr,1,0.875,1,266.67,gfalbarracinr,1.0,1.0,5.0,2.0
338,oeroaq,1,0.87890625,1,98.34,oeroaq,4.0,4.0,5.0,3.0
339,miaborjaac,1,0.9090909090909091,1,209.17000000000002,miaborjaac,0.0,0.0,4.0,1.0
340,ivdgonzalezco,1,0.9273356401384083,1,329.17,ivdgonzalezco,1.0,4.0,4.0,2.0
341,jiapulidoar,1,0.953551912568306,1,110.00000000000003,jiapulidoar,4.0,4.0,5.0,2.0
342,aldiazve,1,0.9642238892094633,1,209.17000000000002,aldiazve,0.0,3.0,6.0,3.0
343,falperezgo,1,0.9659863945578231,1,72.5,falperezgo,4.0,4.0,5.0,3.0
344,Semoralesga,1,0.9779266850610958,1,263.34000000000003,Semoralesga,4.0,3.0,4.0,2.0
345,jesusfchavarro,1,0.9784126984126984,1,80.84,jesusfchavarro,4.0,3.0,6.0,3.0
346,jesusfchavarro,1,0.9784126984126984,1,80.84,jesusfchavarro,5.0,3.0,6.0,3.0
347,Christian7sr,1,1.0,1,255.0,Christian7sr,3.0,3.0,3.0,2.0
348,maikellPardo,2,0.0,1,270.83,maikellPardo,4.0,4.0,4.0,2.0
349,Zeugmax,2,0.0,1,320.83,Zeugmax,1.0,3.0,5.0,2.0
350,adamantwharf,2,0.0,1,238.32999999999998,,,,,
351,andfsanchezlem,2,0.0,1,275.83,andfsanchezlem,0.0,1.0,3.0,1.0
352,ItsNavi,2,0.0,1,320.83,ItsNavi,1.0,2.0,5.0,2.0
353,diegoaguevarar,2,0.1159420289855072,1,114.16,diegoaguevarar,0.0,1.0,5.0,2.0
354,joahernandezca,2,0.1159420289855072,1,258.33,joahernandezca,1.0,1.0,0.0,0.0
355,gcantem,2,0.15625,1,81.66,gcantem,0.0,2.0,5.0,2.0
356,jmhurtadoc,2,0.18000000000000005,1,245.82999999999998,jmhurtadoc,6.0,6.0,6.0,2.0
357,dfhincapiem,2,0.25,1,204.99999999999997,dfhincapiem,4.0,1.0,5.0,1.0
358,crigar,2,0.25,1,238.32999999999998,crigar,1.0,0.0,2.0,4.0
359,Christian7sr,2,0.5,1,221.65999999999997,Christian7sr,3.0,3.0,3.0,2.0
360,dasalgadob,2,0.5555555555555556,1,258.33,dasalgadob,1.0,2.0,4.0,3.0
361,gasierram,2,0.5625,1,192.49999999999997,gasierram,3.0,4.0,5.0,4.0
362,nabautistal,2,0.5714285714285714,1,234.15999999999997,nabautistal,0.0,0.0,3.0,1.0
363,JairVillalba,2,0.6511627906976745,1,270.83,JairVillalba,1.0,1.0,3.0,2.0
364,bdcajicam,2,0.6515151515151515,1,238.32999999999998,bdcajicam,0.0,2.0,5.0,2.0
365,jcrubioa,2,0.6590257879656161,1,145.82999999999998,jcrubioa,0.0,0.0,5.0,2.0
366,anfmorenoso,2,0.6744186046511628,1,217.5,anfmorenoso,0.0,2.0,5.0,2.0
367,jsviveroj,2,0.6956521739130435,1,179.99999999999997,jsviveroj,1.0,3.0,4.0,2.0
368,gfalbarracinr,2,0.7,1,270.83,gfalbarracinr,1.0,1.0,5.0,2.0
369,jsnarvaezb,2,0.7123287671232876,1,125.82999999999998,jsnarvaezb,0.0,1.0,3.0,2.0
370,stevenbustos,2,0.7142857142857143,1,230.0,stevenbustos,0.0,1.0,0.0,1.0
371,djguzmanc,2,0.7142857142857143,1,67.07999999999998,djguzmanc,0.0,5.0,6.0,3.0
372,fevargasmo,2,0.736842105263158,1,204.16,fevargasmo,2.0,3.0,4.0,4.0
373,jufcontrerasco,2,0.7692307692307692,1,225.0,jufcontrerasco,0.0,0.0,5.0,2.0
374,helmeraac,2,0.8,1,183.32999999999998,helmeraac,5.0,4.0,6.0,4.0
375,gsuarezc04,2,0.8214285714285714,1,199.99999999999997,gsuarezc04,1.0,1.0,3.0,2.0
376,jonatan360,2,0.8230088495575221,1,105.82999999999998,jonatan360,4.0,4.0,6.0,4.0
377,daandradec,2,0.8509316770186335,1,20.0,daandradec,2.0,2.0,6.0,2.0
378,dsbarrerag,2,0.8780487804878049,1,0.0,dsbarrerag,0.0,4.0,5.0,2.0
379,wolfstain,2,0.8943661971830986,1,142.49999999999997,wolfstain,3.0,3.0,6.0,0.0
380,miaborjaac,2,0.8952879581151832,1,217.5,miaborjaac,0.0,0.0,4.0,1.0
381,ivdgonzalezco,2,0.9129032258064516,1,204.99999999999997,ivdgonzalezco,1.0,4.0,4.0,2.0
382,oeroaq,2,0.9398797595190381,1,45.0,oeroaq,4.0,4.0,5.0,3.0
383,aldiazve,2,0.9519556513704959,1,122.49999999999997,aldiazve,0.0,3.0,6.0,3.0
384,falperezgo,2,0.9519556513704959,1,3.329999999999984,falperezgo,4.0,4.0,5.0,3.0
385,jiapulidoar,2,0.9530026109660574,1,76.65999999999997,jiapulidoar,4.0,4.0,5.0,2.0
386,jesusfchavarro,2,0.9640575079872205,1,44.15999999999997,jesusfchavarro,4.0,3.0,6.0,3.0
387,jesusfchavarro,2,0.9640575079872205,1,44.15999999999997,jesusfchavarro,5.0,3.0,6.0,3.0
388,Semoralesga,2,0.9641201370691392,1,142.49999999999997,Semoralesga,4.0,3.0,4.0,2.0
389,ItsNavi,3,0.0,1,345.83,ItsNavi,1.0,2.0,5.0,2.0
390,Zeugmax,3,0.0,1,345.83,Zeugmax,1.0,3.0,5.0,2.0
391,andfsanchezlem,3,0.0,1,300.83,andfsanchezlem,0.0,1.0,3.0,1.0
392,maikellPardo,3,0.0,1,287.5,maikellPardo,4.0,4.0,4.0,2.0
393,diegoaguevarar,3,0.1159420289855072,1,20.829999999999984,diegoaguevarar,0.0,1.0,5.0,2.0
394,joahernandezca,3,0.12857142857142856,1,237.5,joahernandezca,1.0,1.0,0.0,0.0
395,jmhurtadoc,3,0.18000000000000005,1,225.0,jmhurtadoc,6.0,6.0,6.0,2.0
396,adamantwharf,3,0.25,1,250.82999999999998,,,,,
397,dfhincapiem,3,0.25,1,238.32999999999998,dfhincapiem,4.0,1.0,5.0,1.0
398,crigar,3,0.25,1,263.33,crigar,1.0,0.0,2.0,4.0
399,oeroaq,3,0.4106813996316758,1,25.0,oeroaq,4.0,4.0,5.0,3.0
400,gasierram,3,0.484375,1,213.32999999999998,gasierram,3.0,4.0,5.0,4.0
401,bdcajicam,3,0.484375,1,188.32999999999998,bdcajicam,0.0,2.0,5.0,2.0
402,Christian7sr,3,0.5,1,221.65999999999997,Christian7sr,3.0,3.0,3.0,2.0
403,nabautistal,3,0.625,1,259.15999999999997,nabautistal,0.0,0.0,3.0,1.0
404,jsnarvaezb,3,0.65625,1,117.49999999999997,jsnarvaezb,0.0,1.0,3.0,2.0
405,jcrubioa,3,0.6590257879656161,1,140.41,jcrubioa,0.0,0.0,5.0,2.0
406,Semoralesga,3,0.6666666666666667,1,167.49999999999997,Semoralesga,4.0,3.0,4.0,2.0
407,jufcontrerasco,3,0.6666666666666667,1,217.49999999999997,jufcontrerasco,0.0,0.0,5.0,2.0
408,jsviveroj,3,0.6703296703296704,1,52.5,jsviveroj,1.0,3.0,4.0,2.0
409,JairVillalba,3,0.7142857142857143,1,283.33,JairVillalba,1.0,1.0,3.0,2.0
410,stevenbustos,3,0.7192982456140351,1,242.5,stevenbustos,0.0,1.0,0.0,1.0
411,anfmorenoso,3,0.7205882352941176,1,230.0,anfmorenoso,0.0,2.0,5.0,2.0
412,djguzmanc,3,0.7340425531914894,1,40.829999999999984,djguzmanc,0.0,5.0,6.0,3.0
413,fevargasmo,3,0.7868852459016393,1,32.5,fevargasmo,2.0,3.0,4.0,4.0
414,gfalbarracinr,3,0.8333333333333334,1,270.83,gfalbarracinr,1.0,1.0,5.0,2.0
415,gcantem,3,0.8421052631578947,1,119.16,gcantem,0.0,2.0,5.0,2.0
416,jonatan360,3,0.8466257668711656,1,12.909999999999968,jonatan360,4.0,4.0,6.0,4.0
417,gsuarezc04,3,0.8554216867469879,1,295.83,gsuarezc04,1.0,1.0,3.0,2.0
418,dasalgadob,3,0.8709677419354839,1,295.83,dasalgadob,1.0,2.0,4.0,3.0
419,helmeraac,3,0.88,1,291.65999999999997,helmeraac,5.0,4.0,6.0,4.0
420,miaborjaac,3,0.8833333333333333,1,45.0,miaborjaac,0.0,0.0,4.0,1.0
421,dsbarrerag,3,0.8888888888888888,1,20.829999999999984,dsbarrerag,0.0,4.0,5.0,2.0
422,wolfstain,3,0.8908045977011494,1,150.82999999999998,wolfstain,3.0,3.0,6.0,0.0
423,daandradec,3,0.8955613577023499,1,104.99999999999997,daandradec,2.0,2.0,6.0,2.0
424,ivdgonzalezco,3,0.9067524115755627,1,221.65999999999997,ivdgonzalezco,1.0,4.0,4.0,2.0
425,jiapulidoar,3,0.9530026109660574,1,64.15999999999997,jiapulidoar,4.0,4.0,5.0,2.0
426,falperezgo,3,0.9534461910519951,1,7.5,falperezgo,4.0,4.0,5.0,3.0
427,aldiazve,3,0.9616403961500907,1,116.24999999999997,aldiazve,0.0,3.0,6.0,3.0
428,jesusfchavarro,3,0.9663382594417077,1,0.0,jesusfchavarro,4.0,3.0,6.0,3.0
429,jesusfchavarro,3,0.9663382594417077,1,0.0,jesusfchavarro,5.0,3.0,6.0,3.0
430,andfsanchezlem,4,0.0,1,305.0,andfsanchezlem,0.0,1.0,3.0,1.0
431,gcantem,4,0.0,1,85.82999999999998,gcantem,0.0,2.0,5.0,2.0
432,maikellPardo,4,0.0,1,275.0,maikellPardo,4.0,4.0,4.0,2.0
433,Zeugmax,4,0.0,1,350.0,Zeugmax,1.0,3.0,5.0,2.0
434,ItsNavi,4,0.0,1,350.0,ItsNavi,1.0,2.0,5.0,2.0
435,joahernandezca,4,0.12857142857142856,1,217.5,joahernandezca,1.0,1.0,0.0,0.0
436,jmhurtadoc,4,0.1907894736842105,1,233.32999999999998,jmhurtadoc,6.0,6.0,6.0,2.0
437,crigar,4,0.25,1,242.5,crigar,1.0,0.0,2.0,4.0
438,dfhincapiem,4,0.25,1,242.5,dfhincapiem,4.0,1.0,5.0,1.0
439,adamantwharf,4,0.25,1,255.0,,,,,
440,nabautistal,4,0.38888888888888884,1,259.17,nabautistal,0.0,0.0,3.0,1.0
441,diegoaguevarar,4,0.40909090909090906,1,37.5,diegoaguevarar,0.0,1.0,5.0,2.0
442,gasierram,4,0.484375,1,189.17,gasierram,3.0,4.0,5.0,4.0
443,bdcajicam,4,0.484375,1,175.83,bdcajicam,0.0,2.0,5.0,2.0
444,jsnarvaezb,4,0.65625,1,105.83000000000001,jsnarvaezb,0.0,1.0,3.0,2.0
445,jcrubioa,4,0.6609686609686609,1,134.17,jcrubioa,0.0,0.0,5.0,2.0
446,jufcontrerasco,4,0.6666666666666667,1,188.33,jufcontrerasco,0.0,0.0,5.0,2.0
447,oeroaq,4,0.6794908466819223,1,0.0,oeroaq,4.0,4.0,5.0,3.0
448,jsviveroj,4,0.6842105263157895,1,69.17000000000002,jsviveroj,1.0,3.0,4.0,2.0
449,jesusfchavarro,4,0.6968514531754575,1,16.670000000000016,jesusfchavarro,4.0,3.0,6.0,3.0
450,jesusfchavarro,4,0.6968514531754575,1,16.670000000000016,jesusfchavarro,5.0,3.0,6.0,3.0
451,JairVillalba,4,0.72,1,287.5,JairVillalba,1.0,1.0,3.0,2.0
452,djguzmanc,4,0.7452830188679245,1,57.70999999999998,djguzmanc,0.0,5.0,6.0,3.0
453,stevenbustos,4,0.7592592592592593,1,234.17000000000002,stevenbustos,0.0,1.0,0.0,1.0
454,fevargasmo,4,0.7959183673469388,1,101.66999999999999,fevargasmo,2.0,3.0,4.0,4.0
455,Semoralesga,4,0.8043478260869565,1,171.67,Semoralesga,4.0,3.0,4.0,2.0
456,dsbarrerag,4,0.8051948051948052,1,65.0,dsbarrerag,0.0,4.0,5.0,2.0
457,helmeraac,4,0.813953488372093,1,263.33,helmeraac,5.0,4.0,6.0,4.0
458,anfmorenoso,4,0.8151260504201681,1,171.67,anfmorenoso,0.0,2.0,5.0,2.0
459,jonatan360,4,0.8295454545454546,1,6.670000000000016,jonatan360,4.0,4.0,6.0,4.0
460,gfalbarracinr,4,0.851063829787234,1,300.0,gfalbarracinr,1.0,1.0,5.0,2.0
461,gsuarezc04,4,0.8588235294117648,1,300.0,gsuarezc04,1.0,1.0,3.0,2.0
462,miaborjaac,4,0.8604651162790697,1,48.329999999999984,miaborjaac,0.0,0.0,4.0,1.0
463,dasalgadob,4,0.8709677419354839,1,125.0,dasalgadob,1.0,2.0,4.0,3.0
464,Christian7sr,4,0.88,1,225.82999999999998,Christian7sr,3.0,3.0,3.0,2.0
465,daandradec,4,0.882640586797066,1,31.25,daandradec,2.0,2.0,6.0,2.0
466,wolfstain,4,0.8908045977011494,1,146.67,wolfstain,3.0,3.0,6.0,0.0
467,ivdgonzalezco,4,0.9020771513353116,1,185.0,ivdgonzalezco,1.0,4.0,4.0,2.0
468,jiapulidoar,4,0.952076677316294,1,72.5,jiapulidoar,4.0,4.0,5.0,2.0
469,aldiazve,4,0.9630947920569501,1,90.0,aldiazve,0.0,3.0,6.0,3.0
470,falperezgo,4,0.965675057208238,1,72.5,falperezgo,4.0,4.0,5.0,3.0
471,yocuervoc,1,0.0,0,300.83,yocuervoc,0.0,1.0,5.0,2.0
472,katherinsb,1,0.0,0,300.83,katherinsb,1.0,2.0,4.0,2.0
473,fmbernalb,1,0.0,0,300.83,fmbernalb,1.0,2.0,2.0,1.0
474,jcneivaa,1,0.0,0,300.83,jcneivaa,0.0,0.0,4.0,2.0
475,jdsolanos,1,0.0,0,238.32999999999998,jdsolanos,1.0,1.0,5.0,2.0
476,annipi,1,0.0,0,300.83,annipi,1.0,0.0,4.0,2.0
477,juanescai,1,0.0,0,188.32999999999998,juanescai,1.0,2.0,5.0,2.0
478,cap182,1,0.0,0,152.49999999999997,cap182,0.0,1.0,4.0,2.0
479,odprietoh,1,0.0,0,275.83,odprietoh,4.0,4.0,5.0,2.0
480,MogGy94,1,0.0,0,288.33,MogGy94,3.0,3.0,4.0,0.0
481,maikellPardoA,1,0.25,0,213.32999999999998,maikellPardoA,3.0,3.0,3.0,2.0
482,JoseMolano,1,0.3584905660377359,0,105.82999999999998,JoseMolano,1.0,5.0,4.0,4.0
483,jdsuarezj,1,0.5,0,138.32999999999998,jdsuarezj,1.0,3.0,3.0,2.0
484,UNhcrodriguezl,1,0.5609756097560976,0,210.0,UNhcrodriguezl,3.0,3.0,5.0,3.0
485,capinillab,1,0.5666666666666667,0,185.0,capinillab,0.0,0.0,0.0,0.0
486,CristianLozano,1,0.5714285714285714,0,201.65999999999997,,,,,
487,pcberriop,1,0.6086956521739131,0,223.32999999999998,pcberriop,0.0,1.0,3.0,2.0
488,mnguzmanc,1,0.6285714285714286,0,213.32999999999998,mnguzmanc,2.0,1.0,3.0,2.0
489,hsmartineza,1,0.6363636363636364,0,300.83,hsmartineza,0.0,1.0,3.0,2.0
490,pipemax85,1,0.6818181818181819,0,205.82999999999998,pipemax85,1.0,3.0,5.0,2.0
491,Moimolcp,1,0.6833333333333333,0,275.83,Moimolcp,1.0,1.0,5.0,1.0
492,NicolasZon,1,0.6956521739130435,0,288.33,NicolasZon,3.0,3.0,3.0,1.0
493,juandavidro,1,0.7054263565891472,0,0.0,juandavidro,1.0,2.0,2.0,2.0
494,bsgarciac,1,0.75,0,193.32999999999998,bsgarciac,0.0,3.0,4.0,2.0
495,cdcordobaa,1,0.7608695652173914,0,210.0,cdcordobaa,2.0,4.0,5.0,2.0
496,lfvalderrama,1,0.7647058823529411,0,225.82999999999998,lfvalderrama,0.0,3.0,5.0,2.0
497,sacastroc,1,0.7884615384615384,0,225.82999999999998,sacastroc,1.0,2.0,4.0,2.0
498,Judgarciani,1,0.797979797979798,0,300.83,Judgarciani,3.0,3.0,4.0,2.0
499,DglyP,1,0.8,0,300.83,DglyP,1.0,3.0,4.0,3.0
500,jjrodriguezn,1,0.8064516129032258,0,300.83,jjrodriguezn,2.0,2.0,3.0,1.0
501,fffeelipe,1,0.813953488372093,0,201.65999999999997,fffeelipe,1.0,0.0,5.0,3.0
502,gabi04,1,0.8260869565217391,0,300.83,gabi04,0.0,0.0,5.0,2.0
503,camilo654,1,0.8333333333333334,0,226.65999999999997,camilo654,0.0,1.0,4.0,2.0
504,leavendanoro,1,0.84,0,263.33,leavendanoro,0.0,1.0,4.0,1.0
505,janoguerab,1,0.8571428571428572,0,300.83,janoguerab,3.0,3.0,4.0,2.0
506,camilo13152,1,0.8666666666666667,0,271.65999999999997,camilo13152,3.0,5.0,5.0,2.0
507,jmcuestasb,1,0.8873239436619719,0,250.82999999999998,jmcuestasb,1.0,3.0,4.0,2.0
508,CamiloRueda,1,0.9361702127659575,0,300.83,CamiloRueda,3.0,3.0,6.0,1.0
509,yocuervoc,2,0.0,0,235.0,yocuervoc,0.0,1.0,5.0,2.0
510,katherinsb,2,0.0,0,235.0,katherinsb,1.0,2.0,4.0,2.0
511,juanescai,2,0.0,0,185.0,juanescai,1.0,2.0,5.0,2.0
512,annipi,2,0.0,0,235.0,annipi,1.0,0.0,4.0,2.0
513,jdsolanos,2,0.0,0,235.0,jdsolanos,1.0,1.0,5.0,2.0
514,fmbernalb,2,0.0,0,235.0,fmbernalb,1.0,2.0,2.0,1.0
515,MogGy94,2,0.0,0,235.0,MogGy94,3.0,3.0,4.0,0.0
516,cap182,2,0.0,0,214.17000000000002,cap182,0.0,1.0,4.0,2.0
517,odprietoh,2,0.0,0,185.0,odprietoh,4.0,4.0,5.0,2.0
518,jcneivaa,2,0.0,0,235.0,jcneivaa,0.0,0.0,4.0,2.0
519,pcberriop,2,0.37037037037037035,0,81.66999999999999,pcberriop,0.0,1.0,3.0,2.0
520,JoseMolano,2,0.3928571428571429,0,101.66999999999999,JoseMolano,1.0,5.0,4.0,4.0
521,juandavidro,2,0.4782608695652174,0,119.16999999999999,juandavidro,1.0,2.0,2.0,2.0
522,hsmartineza,2,0.5,0,160.82999999999998,hsmartineza,0.0,1.0,3.0,2.0
523,capinillab,2,0.5,0,0.0,capinillab,0.0,0.0,0.0,0.0
524,camilo13152,2,0.5189873417721519,0,144.17000000000002,camilo13152,3.0,5.0,5.0,2.0
525,jjrodriguezn,2,0.52,0,135.82999999999998,jjrodriguezn,2.0,2.0,3.0,1.0
526,UNhcrodriguezl,2,0.5833333333333333,0,56.66999999999999,UNhcrodriguezl,3.0,3.0,5.0,3.0
527,CristianLozano,2,0.625,0,144.17000000000002,,,,,
528,maikellPardoA,2,0.625,0,160.0,maikellPardoA,3.0,3.0,3.0,2.0
529,pipemax85,2,0.6285714285714286,0,144.17000000000002,pipemax85,1.0,3.0,5.0,2.0
530,jdsuarezj,2,0.6625,0,122.5,jdsuarezj,1.0,3.0,3.0,2.0
531,camilo654,2,0.6785714285714286,0,52.5,camilo654,0.0,1.0,4.0,2.0
532,DglyP,2,0.6875,0,124.17,DglyP,1.0,3.0,4.0,3.0
533,lfvalderrama,2,0.7297297297297297,0,105.83000000000001,lfvalderrama,0.0,3.0,5.0,2.0
534,fffeelipe,2,0.736842105263158,0,75.0,fffeelipe,1.0,0.0,5.0,3.0
535,NicolasZon,2,0.7692307692307692,0,147.5,NicolasZon,3.0,3.0,3.0,1.0
536,cdcordobaa,2,0.8085106382978724,0,56.66999999999999,cdcordobaa,2.0,4.0,5.0,2.0
537,bsgarciac,2,0.8157894736842105,0,15.830000000000013,bsgarciac,0.0,3.0,4.0,2.0
538,sacastroc,2,0.8205128205128205,0,44.16999999999999,sacastroc,1.0,2.0,4.0,2.0
539,Moimolcp,2,0.8382352941176471,0,126.67,Moimolcp,1.0,1.0,5.0,1.0
540,Judgarciani,2,0.868421052631579,0,160.82999999999998,Judgarciani,3.0,3.0,4.0,2.0
541,gabi04,2,0.8709677419354839,0,185.0,gabi04,0.0,0.0,5.0,2.0
542,janoguerab,2,0.8837209302325582,0,160.82999999999998,janoguerab,3.0,3.0,4.0,2.0
543,leavendanoro,2,0.8852459016393442,0,135.0,leavendanoro,0.0,1.0,4.0,1.0
544,jmcuestasb,2,0.8977272727272727,0,106.66999999999999,jmcuestasb,1.0,3.0,4.0,2.0
545,CamiloRueda,2,0.9375,0,185.0,CamiloRueda,3.0,3.0,6.0,1.0
546,mnguzmanc,2,0.9778534923339012,0,27.5,mnguzmanc,2.0,1.0,3.0,2.0
547,yocuervoc,3,0.0,0,293.33,yocuervoc,0.0,1.0,5.0,2.0
548,odprietoh,3,0.0,0,293.33,odprietoh,4.0,4.0,5.0,2.0
549,cap182,3,0.0,0,244.15999999999997,cap182,0.0,1.0,4.0,2.0
550,annipi,3,0.0,0,293.33,annipi,1.0,0.0,4.0,2.0
551,jdsolanos,3,0.0,0,293.33,jdsolanos,1.0,1.0,5.0,2.0
552,fmbernalb,3,0.0,0,293.33,fmbernalb,1.0,2.0,2.0,1.0
553,MogGy94,3,0.0,0,293.33,MogGy94,3.0,3.0,4.0,0.0
554,juanescai,3,0.0,0,231.65999999999997,juanescai,1.0,2.0,5.0,2.0
555,jcneivaa,3,0.0,0,293.33,jcneivaa,0.0,0.0,4.0,2.0
556,DglyP,3,0.21458478715980456,0,153.32999999999998,DglyP,1.0,3.0,4.0,3.0
557,JoseMolano,3,0.3928571428571429,0,4.159999999999968,JoseMolano,1.0,5.0,4.0,4.0
558,capinillab,3,0.41666666666666663,0,66.66,capinillab,0.0,0.0,0.0,0.0
559,juandavidro,3,0.4782608695652174,0,117.49999999999997,juandavidro,1.0,2.0,2.0,2.0
560,jjrodriguezn,3,0.5454545454545454,0,190.0,jjrodriguezn,2.0,2.0,3.0,1.0
561,UNhcrodriguezl,3,0.5918367346938775,0,102.49999999999997,UNhcrodriguezl,3.0,3.0,5.0,3.0
562,camilo13152,3,0.5979381443298969,0,74.99999999999997,camilo13152,3.0,5.0,5.0,2.0
563,maikellPardoA,3,0.625,0,210.0,maikellPardoA,3.0,3.0,3.0,2.0
564,CristianLozano,3,0.625,0,206.65999999999997,,,,,
565,pipemax85,3,0.6285714285714286,0,190.0,pipemax85,1.0,3.0,5.0,2.0
566,hsmartineza,3,0.6363636363636364,0,62.49999999999997,hsmartineza,0.0,1.0,3.0,2.0
567,pcberriop,3,0.6470588235294117,0,127.49999999999997,pcberriop,0.0,1.0,3.0,2.0
568,jdsuarezj,3,0.6625,0,0.0,jdsuarezj,1.0,3.0,3.0,2.0
569,NicolasZon,3,0.7692307692307692,0,205.82999999999998,NicolasZon,3.0,3.0,3.0,1.0
570,lfvalderrama,3,0.7741935483870968,0,42.91,lfvalderrama,0.0,3.0,5.0,2.0
571,camilo654,3,0.8,0,131.66,camilo654,0.0,1.0,4.0,2.0
572,cdcordobaa,3,0.8085106382978724,0,102.49999999999997,cdcordobaa,2.0,4.0,5.0,2.0
573,bsgarciac,3,0.8553459119496856,0,20.829999999999984,bsgarciac,0.0,3.0,4.0,2.0
574,Judgarciani,3,0.8571428571428572,0,71.66,Judgarciani,3.0,3.0,4.0,2.0
575,fffeelipe,3,0.858974358974359,0,120.82999999999998,fffeelipe,1.0,0.0,5.0,3.0
576,katherinsb,3,0.8611111111111112,0,293.33,katherinsb,1.0,2.0,4.0,2.0
577,sacastroc,3,0.8677248677248677,0,77.49999999999997,sacastroc,1.0,2.0,4.0,2.0
578,gabi04,3,0.8709677419354839,0,219.15999999999997,gabi04,0.0,0.0,5.0,2.0
579,Moimolcp,3,0.873015873015873,0,123.32999999999998,Moimolcp,1.0,1.0,5.0,1.0
580,leavendanoro,3,0.8761904761904762,0,180.82999999999998,leavendanoro,0.0,1.0,4.0,1.0
581,janoguerab,3,0.8771929824561404,0,194.15999999999997,janoguerab,3.0,3.0,4.0,2.0
582,jmcuestasb,3,0.8977272727272727,0,160.82999999999998,jmcuestasb,1.0,3.0,4.0,2.0
583,CamiloRueda,3,0.9375,0,243.32999999999998,CamiloRueda,3.0,3.0,6.0,1.0
584,mnguzmanc,3,0.9857681038091252,0,56.66,mnguzmanc,2.0,1.0,3.0,2.0
585,yocuervoc,4,0.0,0,313.33,yocuervoc,0.0,1.0,5.0,2.0
586,MogGy94,4,0.0,0,313.33,MogGy94,3.0,3.0,4.0,0.0
587,odprietoh,4,0.0,0,313.33,odprietoh,4.0,4.0,5.0,2.0
588,cap182,4,0.0,0,264.15999999999997,cap182,0.0,1.0,4.0,2.0
589,juanescai,4,0.0,0,263.33,juanescai,1.0,2.0,5.0,2.0
590,annipi,4,0.0,0,313.33,annipi,1.0,0.0,4.0,2.0
591,jdsolanos,4,0.0,0,313.33,jdsolanos,1.0,1.0,5.0,2.0
592,fmbernalb,4,0.0,0,313.33,fmbernalb,1.0,2.0,2.0,1.0
593,jcneivaa,4,0.0,0,313.33,jcneivaa,0.0,0.0,4.0,2.0
594,DglyP,4,0.04585987261146496,0,150.82999999999998,DglyP,1.0,3.0,4.0,3.0
595,mnguzmanc,4,0.2217225873400207,0,68.32999999999998,mnguzmanc,2.0,1.0,3.0,2.0
596,JoseMolano,4,0.5471698113207547,0,96.66,JoseMolano,1.0,5.0,4.0,4.0
597,jjrodriguezn,4,0.5714285714285714,0,181.66,jjrodriguezn,2.0,2.0,3.0,1.0
598,UNhcrodriguezl,4,0.5918367346938775,0,97.49999999999997,UNhcrodriguezl,3.0,3.0,5.0,3.0
599,camilo13152,4,0.5979381443298969,0,69.99999999999997,camilo13152,3.0,5.0,5.0,2.0
600,CristianLozano,4,0.625,0,165.82999999999998,,,,,
601,maikellPardoA,4,0.625,0,288.33,maikellPardoA,3.0,3.0,3.0,2.0
602,hsmartineza,4,0.6571428571428571,0,137.07999999999998,hsmartineza,0.0,1.0,3.0,2.0
603,juandavidro,4,0.6842105263157895,0,201.65999999999997,juandavidro,1.0,2.0,2.0,2.0
604,jdsuarezj,4,0.6883116883116883,0,36.65999999999997,jdsuarezj,1.0,3.0,3.0,2.0
605,pipemax85,4,0.6949152542372881,0,210.0,pipemax85,1.0,3.0,5.0,2.0
606,pcberriop,4,0.7394366197183099,0,147.49999999999997,pcberriop,0.0,1.0,3.0,2.0
607,NicolasZon,4,0.7692307692307692,0,225.82999999999998,NicolasZon,3.0,3.0,3.0,1.0
608,capinillab,4,0.7706422018348624,0,61.66,capinillab,0.0,0.0,0.0,0.0
609,lfvalderrama,4,0.7864077669902912,0,105.82999999999998,lfvalderrama,0.0,3.0,5.0,2.0
610,cdcordobaa,4,0.8461538461538461,0,122.49999999999997,cdcordobaa,2.0,4.0,5.0,2.0
611,camilo654,4,0.8596491228070176,0,69.99999999999997,camilo654,0.0,1.0,4.0,2.0
612,bsgarciac,4,0.8601036269430051,0,0.0,bsgarciac,0.0,3.0,4.0,2.0
613,sacastroc,4,0.8613861386138614,0,93.32999999999998,sacastroc,1.0,2.0,4.0,2.0
614,fffeelipe,4,0.867816091954023,0,120.41,fffeelipe,1.0,0.0,5.0,3.0
615,gabi04,4,0.8732394366197183,0,239.15999999999997,gabi04,0.0,0.0,5.0,2.0
616,Moimolcp,4,0.8768472906403941,0,192.5,Moimolcp,1.0,1.0,5.0,1.0
617,janoguerab,4,0.8771929824561404,0,214.15999999999997,janoguerab,3.0,3.0,4.0,2.0
618,Judgarciani,4,0.8778877887788779,0,70.82999999999998,Judgarciani,3.0,3.0,4.0,2.0
619,leavendanoro,4,0.8918918918918919,0,188.32999999999998,leavendanoro,0.0,1.0,4.0,1.0
620,jmcuestasb,4,0.9050632911392404,0,92.49999999999997,jmcuestasb,1.0,3.0,4.0,2.0
621,CamiloRueda,4,0.9375,0,243.32999999999998,CamiloRueda,3.0,3.0,6.0,1.0
622,katherinsb,4,0.9628282828282828,0,184.99999999999997,katherinsb,1.0,2.0,4.0,2.0
623,annumumozme,1,0.0,0,263.33,,,,,
624,kastellanos,1,0.0,1,329.17,kastellanos,5.0,5.0,5.0,3.0
625,bdvegat,1,0.0,2,260.0,bdvegat,1.0,2.0,4.0,1.0
626,Phoenixest,1,0.0,2,185.82999999999998,Phoenixest,0.0,1.0,3.0,1.0
627,juasmartinezbel,1,0.0,2,8.330000000000013,juasmartinezbel,0.0,5.0,5.0,2.0
628,idrojasf,1,0.0,2,52.5,idrojasf,1.0,1.0,4.0,4.0
629,raulramirezp,1,0.0,2,260.0,raulramirezp,1.0,2.0,5.0,2.0
630,fabianr23,1,0.0,2,55.0,fabianr23,5.0,4.0,5.0,2.0
631,jhriverasa,1,0.0,2,117.08000000000001,jhriverasa,1.0,3.0,2.0,2.0
632,jhonsd1996,1,0.0,2,160.0,jhonsd1996,3.0,4.0,4.0,2.0
633,JuanitoAli,1,0.0,2,160.0,JuanitoAli,1.0,1.0,5.0,2.0
634,Davsatu313,1,0.0,2,52.5,Davsatu313,0.0,3.0,5.0,2.0
635,cesarochoa2006,1,0.0,2,173.32999999999998,cesarochoa2006,0.0,1.0,6.0,0.0
636,jucjimenezmo,1,0.0,2,247.5,jucjimenezmo,0.0,0.0,3.0,2.0
637,kancas,1,0.0,2,222.5,kancas,0.0,0.0,5.0,2.0
638,Gantiva,1,0.0,2,144.17000000000002,Gantiva,2.0,4.0,3.0,2.0
639,Dandarprox,1,0.0,2,154.57999999999998,Dandarprox,0.0,1.0,4.0,2.0
640,Yelis3,1,0.0,2,28.330000000000013,Yelis3,1.0,4.0,6.0,3.0
641,leguzman,1,0.0,2,106.66999999999999,leguzman,0.0,2.0,5.0,2.0
642,luealfonsoru,1,0.0,2,105.83000000000001,luealfonsoru,3.0,4.0,4.0,2.0
643,oserasoa,1,0.0,2,205.82999999999998,oserasoa,4.0,3.0,3.0,1.0
644,CSebasGomez,1,0.0,2,260.0,CSebasGomez,3.0,3.0,5.0,2.0
645,tres-iqus,1,0.0,2,260.0,tres-iqus,1.0,1.0,4.0,0.0
646,jscontrerasp,1,0.0,2,260.0,jscontrerasp,1.0,1.0,4.0,0.0
647,annumumozme,2,0.0,0,144.17000000000002,,,,,
648,kastellanos,2,0.0,1,333.33,kastellanos,5.0,5.0,5.0,3.0
649,tres-iqus,2,0.0,2,317.5,tres-iqus,1.0,1.0,4.0,0.0
650,annumumozme,3,0.0,0,293.33,,,,,
651,kastellanos,3,0.0,1,345.83,kastellanos,5.0,5.0,5.0,3.0
652,tres-iqus,3,0.0,2,358.33,tres-iqus,1.0,1.0,4.0,0.0
653,annumumozme,4,0.0,0,313.33,,,,,
654,kastellanos,4,0.0,1,350.0,kastellanos,5.0,5.0,5.0,3.0
655,tres-iqus,4,0.0,2,358.33,tres-iqus,1.0,1.0,4.0,0.0
